test_id,test_name,mode,num_ffts,src_addr,dst_addr,sample_idx,in_re,in_im,exp_re,exp_im
0,fft_impulse_1,0,1,256,4096,0,1.0000000000,0.0000000000,1.0000000000,0.0000000000
0,fft_impulse_1,0,1,256,4096,1,0.0000000000,0.0000000000,1.0000000000,0.0000000000
0,fft_impulse_1,0,1,256,4096,2,0.0000000000,0.0000000000,1.0000000000,0.0000000000
0,fft_impulse_1,0,1,256,4096,3,0.0000000000,0.0000000000,1.0000000000,0.0000000000
0,fft_impulse_1,0,1,256,4096,4,0.0000000000,0.0000000000,1.0000000000,0.0000000000
0,fft_impulse_1,0,1,256,4096,5,0.0000000000,0.0000000000,1.0000000000,0.0000000000
0,fft_impulse_1,0,1,256,4096,6,0.0000000000,0.0000000000,1.0000000000,0.0000000000
0,fft_impulse_1,0,1,256,4096,7,0.0000000000,0.0000000000,1.0000000000,0.0000000000
0,fft_impulse_1,0,1,256,4096,8,0.0000000000,0.0000000000,1.0000000000,0.0000000000
0,fft_impulse_1,0,1,256,4096,9,0.0000000000,0.0000000000,1.0000000000,0.0000000000
0,fft_impulse_1,0,1,256,4096,10,0.0000000000,0.0000000000,1.0000000000,0.0000000000
0,fft_impulse_1,0,1,256,4096,11,0.0000000000,0.0000000000,1.0000000000,0.0000000000
0,fft_impulse_1,0,1,256,4096,12,0.0000000000,0.0000000000,1.0000000000,0.0000000000
0,fft_impulse_1,0,1,256,4096,13,0.0000000000,0.0000000000,1.0000000000,0.0000000000
0,fft_impulse_1,0,1,256,4096,14,0.0000000000,0.0000000000,1.0000000000,0.0000000000
0,fft_impulse_1,0,1,256,4096,15,0.0000000000,0.0000000000,1.0000000000,0.0000000000
1,fft_dc_1,0,1,256,4096,0,1.0000000000,0.0000000000,16.0000000000,0.0000000000
1,fft_dc_1,0,1,256,4096,1,1.0000000000,0.0000000000,0.0000000000,0.0000000000
1,fft_dc_1,0,1,256,4096,2,1.0000000000,0.0000000000,0.0000000000,0.0000000000
1,fft_dc_1,0,1,256,4096,3,1.0000000000,0.0000000000,0.0000000000,0.0000000000
1,fft_dc_1,0,1,256,4096,4,1.0000000000,0.0000000000,0.0000000000,0.0000000000
1,fft_dc_1,0,1,256,4096,5,1.0000000000,0.0000000000,0.0000000000,0.0000000000
1,fft_dc_1,0,1,256,4096,6,1.0000000000,0.0000000000,0.0000000000,0.0000000000
1,fft_dc_1,0,1,256,4096,7,1.0000000000,0.0000000000,0.0000000000,0.0000000000
1,fft_dc_1,0,1,256,4096,8,1.0000000000,0.0000000000,0.0000000000,0.0000000000
1,fft_dc_1,0,1,256,4096,9,1.0000000000,0.0000000000,0.0000000000,0.0000000000
1,fft_dc_1,0,1,256,4096,10,1.0000000000,0.0000000000,0.0000000000,0.0000000000
1,fft_dc_1,0,1,256,4096,11,1.0000000000,0.0000000000,0.0000000000,0.0000000000
1,fft_dc_1,0,1,256,4096,12,1.0000000000,0.0000000000,0.0000000000,0.0000000000
1,fft_dc_1,0,1,256,4096,13,1.0000000000,0.0000000000,0.0000000000,0.0000000000
1,fft_dc_1,0,1,256,4096,14,1.0000000000,0.0000000000,0.0000000000,0.0000000000
1,fft_dc_1,0,1,256,4096,15,1.0000000000,0.0000000000,0.0000000000,0.0000000000
2,fft_tone1_1,0,1,256,4096,0,1.0000000000,0.0000000000,-0.0000000000,-0.0000000000
2,fft_tone1_1,0,1,256,4096,1,0.9238795325,0.3826834324,16.0000000000,-0.0000000000
2,fft_tone1_1,0,1,256,4096,2,0.7071067812,0.7071067812,0.0000000000,0.0000000000
2,fft_tone1_1,0,1,256,4096,3,0.3826834324,0.9238795325,0.0000000000,-0.0000000000
2,fft_tone1_1,0,1,256,4096,4,0.0000000000,1.0000000000,0.0000000000,-0.0000000000
2,fft_tone1_1,0,1,256,4096,5,-0.3826834324,0.9238795325,0.0000000000,0.0000000000
2,fft_tone1_1,0,1,256,4096,6,-0.7071067812,0.7071067812,0.0000000000,0.0000000000
2,fft_tone1_1,0,1,256,4096,7,-0.9238795325,0.3826834324,0.0000000000,0.0000000000
2,fft_tone1_1,0,1,256,4096,8,-1.0000000000,0.0000000000,0.0000000000,0.0000000000
2,fft_tone1_1,0,1,256,4096,9,-0.9238795325,-0.3826834324,0.0000000000,0.0000000000
2,fft_tone1_1,0,1,256,4096,10,-0.7071067812,-0.7071067812,-0.0000000000,0.0000000000
2,fft_tone1_1,0,1,256,4096,11,-0.3826834324,-0.9238795325,0.0000000000,0.0000000000
2,fft_tone1_1,0,1,256,4096,12,-0.0000000000,-1.0000000000,-0.0000000000,0.0000000000
2,fft_tone1_1,0,1,256,4096,13,0.3826834324,-0.9238795325,-0.0000000000,0.0000000000
2,fft_tone1_1,0,1,256,4096,14,0.7071067812,-0.7071067812,-0.0000000000,-0.0000000000
2,fft_tone1_1,0,1,256,4096,15,0.9238795325,-0.3826834324,0.0000000000,-0.0000000000
3,fft_batch2,0,2,256,4096,0,1.0000000000,0.0000000000,1.0000000000,0.0000000000
3,fft_batch2,0,2,256,4096,1,0.0000000000,0.0000000000,1.0000000000,0.0000000000
3,fft_batch2,0,2,256,4096,2,0.0000000000,0.0000000000,1.0000000000,0.0000000000
3,fft_batch2,0,2,256,4096,3,0.0000000000,0.0000000000,1.0000000000,0.0000000000
3,fft_batch2,0,2,256,4096,4,0.0000000000,0.0000000000,1.0000000000,0.0000000000
3,fft_batch2,0,2,256,4096,5,0.0000000000,0.0000000000,1.0000000000,0.0000000000
3,fft_batch2,0,2,256,4096,6,0.0000000000,0.0000000000,1.0000000000,0.0000000000
3,fft_batch2,0,2,256,4096,7,0.0000000000,0.0000000000,1.0000000000,0.0000000000
3,fft_batch2,0,2,256,4096,8,0.0000000000,0.0000000000,1.0000000000,0.0000000000
3,fft_batch2,0,2,256,4096,9,0.0000000000,0.0000000000,1.0000000000,0.0000000000
3,fft_batch2,0,2,256,4096,10,0.0000000000,0.0000000000,1.0000000000,0.0000000000
3,fft_batch2,0,2,256,4096,11,0.0000000000,0.0000000000,1.0000000000,0.0000000000
3,fft_batch2,0,2,256,4096,12,0.0000000000,0.0000000000,1.0000000000,0.0000000000
3,fft_batch2,0,2,256,4096,13,0.0000000000,0.0000000000,1.0000000000,0.0000000000
3,fft_batch2,0,2,256,4096,14,0.0000000000,0.0000000000,1.0000000000,0.0000000000
3,fft_batch2,0,2,256,4096,15,0.0000000000,0.0000000000,1.0000000000,0.0000000000
3,fft_batch2,0,2,256,4096,16,1.0000000000,0.0000000000,16.0000000000,0.0000000000
3,fft_batch2,0,2,256,4096,17,1.0000000000,0.0000000000,0.0000000000,0.0000000000
3,fft_batch2,0,2,256,4096,18,1.0000000000,0.0000000000,0.0000000000,0.0000000000
3,fft_batch2,0,2,256,4096,19,1.0000000000,0.0000000000,0.0000000000,0.0000000000
3,fft_batch2,0,2,256,4096,20,1.0000000000,0.0000000000,0.0000000000,0.0000000000
3,fft_batch2,0,2,256,4096,21,1.0000000000,0.0000000000,0.0000000000,0.0000000000
3,fft_batch2,0,2,256,4096,22,1.0000000000,0.0000000000,0.0000000000,0.0000000000
3,fft_batch2,0,2,256,4096,23,1.0000000000,0.0000000000,0.0000000000,0.0000000000
3,fft_batch2,0,2,256,4096,24,1.0000000000,0.0000000000,0.0000000000,0.0000000000
3,fft_batch2,0,2,256,4096,25,1.0000000000,0.0000000000,0.0000000000,0.0000000000
3,fft_batch2,0,2,256,4096,26,1.0000000000,0.0000000000,0.0000000000,0.0000000000
3,fft_batch2,0,2,256,4096,27,1.0000000000,0.0000000000,0.0000000000,0.0000000000
3,fft_batch2,0,2,256,4096,28,1.0000000000,0.0000000000,0.0000000000,0.0000000000
3,fft_batch2,0,2,256,4096,29,1.0000000000,0.0000000000,0.0000000000,0.0000000000
3,fft_batch2,0,2,256,4096,30,1.0000000000,0.0000000000,0.0000000000,0.0000000000
3,fft_batch2,0,2,256,4096,31,1.0000000000,0.0000000000,0.0000000000,0.0000000000
4,fft_batch3,0,3,256,4096,0,1.0000000000,0.0000000000,-0.0000000000,-0.0000000000
4,fft_batch3,0,3,256,4096,1,0.9238795325,0.3826834324,16.0000000000,-0.0000000000
4,fft_batch3,0,3,256,4096,2,0.7071067812,0.7071067812,0.0000000000,0.0000000000
4,fft_batch3,0,3,256,4096,3,0.3826834324,0.9238795325,0.0000000000,-0.0000000000
4,fft_batch3,0,3,256,4096,4,0.0000000000,1.0000000000,0.0000000000,-0.0000000000
4,fft_batch3,0,3,256,4096,5,-0.3826834324,0.9238795325,0.0000000000,0.0000000000
4,fft_batch3,0,3,256,4096,6,-0.7071067812,0.7071067812,0.0000000000,0.0000000000
4,fft_batch3,0,3,256,4096,7,-0.9238795325,0.3826834324,0.0000000000,0.0000000000
4,fft_batch3,0,3,256,4096,8,-1.0000000000,0.0000000000,0.0000000000,0.0000000000
4,fft_batch3,0,3,256,4096,9,-0.9238795325,-0.3826834324,0.0000000000,0.0000000000
4,fft_batch3,0,3,256,4096,10,-0.7071067812,-0.7071067812,-0.0000000000,0.0000000000
4,fft_batch3,0,3,256,4096,11,-0.3826834324,-0.9238795325,0.0000000000,0.0000000000
4,fft_batch3,0,3,256,4096,12,-0.0000000000,-1.0000000000,-0.0000000000,0.0000000000
4,fft_batch3,0,3,256,4096,13,0.3826834324,-0.9238795325,-0.0000000000,0.0000000000
4,fft_batch3,0,3,256,4096,14,0.7071067812,-0.7071067812,-0.0000000000,-0.0000000000
4,fft_batch3,0,3,256,4096,15,0.9238795325,-0.3826834324,0.0000000000,-0.0000000000
4,fft_batch3,0,3,256,4096,16,1.0000000000,0.0000000000,0.0000000000,0.0000000000
4,fft_batch3,0,3,256,4096,17,-1.0000000000,0.0000000000,-0.0000000000,0.0000000000
4,fft_batch3,0,3,256,4096,18,1.0000000000,-0.0000000000,0.0000000000,0.0000000000
4,fft_batch3,0,3,256,4096,19,-1.0000000000,0.0000000000,-0.0000000000,0.0000000000
4,fft_batch3,0,3,256,4096,20,1.0000000000,-0.0000000000,-0.0000000000,0.0000000000
4,fft_batch3,0,3,256,4096,21,-1.0000000000,0.0000000000,-0.0000000000,-0.0000000000
4,fft_batch3,0,3,256,4096,22,1.0000000000,-0.0000000000,0.0000000000,-0.0000000000
4,fft_batch3,0,3,256,4096,23,-1.0000000000,0.0000000000,-0.0000000000,0.0000000000
4,fft_batch3,0,3,256,4096,24,1.0000000000,-0.0000000000,16.0000000000,-0.0000000000
4,fft_batch3,0,3,256,4096,25,-1.0000000000,0.0000000000,0.0000000000,0.0000000000
4,fft_batch3,0,3,256,4096,26,1.0000000000,-0.0000000000,-0.0000000000,-0.0000000000
4,fft_batch3,0,3,256,4096,27,-1.0000000000,0.0000000000,0.0000000000,-0.0000000000
4,fft_batch3,0,3,256,4096,28,1.0000000000,-0.0000000000,0.0000000000,0.0000000000
4,fft_batch3,0,3,256,4096,29,-1.0000000000,-0.0000000000,0.0000000000,0.0000000000
4,fft_batch3,0,3,256,4096,30,1.0000000000,-0.0000000000,-0.0000000000,0.0000000000
4,fft_batch3,0,3,256,4096,31,-1.0000000000,0.0000000000,0.0000000000,0.0000000000
4,fft_batch3,0,3,256,4096,32,1.0000000000,0.0000000000,16.0000000000,0.0000000000
4,fft_batch3,0,3,256,4096,33,1.0000000000,0.0000000000,0.0000000000,0.0000000000
4,fft_batch3,0,3,256,4096,34,1.0000000000,0.0000000000,0.0000000000,0.0000000000
4,fft_batch3,0,3,256,4096,35,1.0000000000,0.0000000000,0.0000000000,0.0000000000
4,fft_batch3,0,3,256,4096,36,1.0000000000,0.0000000000,0.0000000000,0.0000000000
4,fft_batch3,0,3,256,4096,37,1.0000000000,0.0000000000,0.0000000000,0.0000000000
4,fft_batch3,0,3,256,4096,38,1.0000000000,0.0000000000,0.0000000000,0.0000000000
4,fft_batch3,0,3,256,4096,39,1.0000000000,0.0000000000,0.0000000000,0.0000000000
4,fft_batch3,0,3,256,4096,40,1.0000000000,0.0000000000,0.0000000000,0.0000000000
4,fft_batch3,0,3,256,4096,41,1.0000000000,0.0000000000,0.0000000000,0.0000000000
4,fft_batch3,0,3,256,4096,42,1.0000000000,0.0000000000,0.0000000000,0.0000000000
4,fft_batch3,0,3,256,4096,43,1.0000000000,0.0000000000,0.0000000000,0.0000000000
4,fft_batch3,0,3,256,4096,44,1.0000000000,0.0000000000,0.0000000000,0.0000000000
4,fft_batch3,0,3,256,4096,45,1.0000000000,0.0000000000,0.0000000000,0.0000000000
4,fft_batch3,0,3,256,4096,46,1.0000000000,0.0000000000,0.0000000000,0.0000000000
4,fft_batch3,0,3,256,4096,47,1.0000000000,0.0000000000,0.0000000000,0.0000000000
5,fft_random5,0,5,256,4096,0,-0.3010803843,-0.7763327666,-3.6995472385,-2.8382284671
5,fft_random5,0,5,256,4096,1,-0.7262854025,-0.8689352842,1.8055916175,-0.9042586921
5,fft_random5,0,5,256,4096,2,-0.1996125967,0.0757205305,-3.2670807793,-0.1579459673
5,fft_random5,0,5,256,4096,3,0.3941871572,-0.5243420515,-0.5958343702,-1.8268839291
5,fft_random5,0,5,256,4096,4,-0.7258394363,0.3556203210,-1.9110481923,2.0220947540
5,fft_random5,0,5,256,4096,5,-0.4288489928,0.0846711751,-0.2409570919,-0.2279663684
5,fft_random5,0,5,256,4096,6,0.3485211102,-0.1107866068,0.0445243759,-2.9792602562
5,fft_random5,0,5,256,4096,7,-0.8426385768,0.0139390302,-0.1501436294,-1.5286964876
5,fft_random5,0,5,256,4096,8,-0.6648334629,0.4410932341,2.9932164321,2.6837497032
5,fft_random5,0,5,256,4096,9,-0.7469859616,0.0513437727,-0.6480966306,2.1333659658
5,fft_random5,0,5,256,4096,10,0.2210108384,-0.4611335953,2.2764762847,-0.1830458854
5,fft_random5,0,5,256,4096,11,-0.3953810943,-0.8817710498,2.6588299266,-1.8336925499
5,fft_random5,0,5,256,4096,12,0.1787246735,0.5967027962,-3.4347354412,0.6007183490
5,fft_random5,0,5,256,4096,13,-0.1264146621,-0.2666523939,-0.4258554817,-2.2525884684
5,fft_random5,0,5,256,4096,14,0.7899438548,-0.1981232951,-0.7291162190,-1.8299984902
5,fft_random5,0,5,256,4096,15,-0.4740143025,-0.3692422837,0.5064902880,-3.2986874754
5,fft_random5,0,5,256,4096,16,0.8944417990,-0.5047041742,3.3630510396,0.7889962570
5,fft_random5,0,5,256,4096,17,0.8809655699,0.2668135614,-1.6504334262,1.4913384737
5,fft_random5,0,5,256,4096,18,-0.3410877380,0.7246756095,5.7311446684,-3.2686353551
5,fft_random5,0,5,256,4096,19,0.7551352080,0.3077828191,0.3939803217,-1.3110978895
5,fft_random5,0,5,256,4096,20,-0.7370074064,-0.8800364147,3.7241138795,-2.6128388277
5,fft_random5,0,5,256,4096,21,-0.2395039078,0.4826428520,-0.0375308234,0.8063916922
5,fft_random5,0,5,256,4096,22,0.0671341941,-0.4901584839,0.4928637852,-1.9162131556
5,fft_random5,0,5,256,4096,23,0.4071810617,-0.4904543902,1.7902365234,0.2739688130
5,fft_random5,0,5,256,4096,24,0.7131326699,-0.8968385409,-2.7315319553,-1.5057878455
5,fft_random5,0,5,256,4096,25,0.8939149480,0.3311605926,-2.3722538863,3.3617349781
5,fft_random5,0,5,256,4096,26,-0.5432562096,0.4763635354,-0.6204576756,2.6138814538
5,fft_random5,0,5,256,4096,27,0.1922531687,0.6659244829,1.3039367272,-3.8142989925
5,fft_random5,0,5,256,4096,28,0.6439421792,0.3758088458,1.7024040030,-4.2934507195
5,fft_random5,0,5,256,4096,29,-0.4318838343,-0.0014935113,-0.2379263900,1.4328706653
5,fft_random5,0,5,256,4096,30,-0.3815399461,0.8364938286,1.1990080066,-1.0182935280
5,fft_random5,0,5,256,4096,31,0.5892292832,-0.4149843553,2.2604639861,0.8961671932
5,fft_random5,0,5,256,4096,32,-0.1997613728,0.7591297545,-1.1119500098,1.2948412789
5,fft_random5,0,5,256,4096,33,0.0733848732,-0.1589482428,-1.7868760424,0.9716230882
5,fft_random5,0,5,256,4096,34,-0.2329077448,0.1649511021,-0.8283854046,1.0311631780
5,fft_random5,0,5,256,4096,35,0.0294457694,-0.2053683695,-0.9583319020,-0.7725883236
5,fft_random5,0,5,256,4096,36,0.4672087705,0.3737207818,-0.1691610934,0.6799066986
5,fft_random5,0,5,256,4096,37,-0.6381980549,-0.8882497303,0.4539085079,0.7894997485
5,fft_random5,0,5,256,4096,38,0.6175148874,0.1283009050,0.6044995284,-2.3589644066
5,fft_random5,0,5,256,4096,39,-0.6529525564,-0.2493170727,-3.5070404598,2.8823107489
5,fft_random5,0,5,256,4096,40,0.1359323126,0.7174961758,-0.1277701859,1.5437461532
5,fft_random5,0,5,256,4096,41,0.8822172236,0.0107881113,3.1871086442,-3.1862435419
5,fft_random5,0,5,256,4096,42,-0.7901269850,-0.7473812459,-1.1557583625,4.6823223927
5,fft_random5,0,5,256,4096,43,0.1802379621,0.2327568677,0.4453686137,-0.4965216649
5,fft_random5,0,5,256,4096,44,-0.5018906120,-0.2291173733,1.0148376825,2.9664232242
5,fft_random5,0,5,256,4096,45,0.0081801335,0.6781839492,-0.7855632309,-2.2847425095
5,fft_random5,0,5,256,4096,46,-0.1158293538,0.2521936161,1.2630553641,1.9735689234
5,fft_random5,0,5,256,4096,47,-0.3744052625,0.4557020499,0.2658763862,2.4297310843
5,fft_random5,0,5,256,4096,48,0.0646971372,0.7686364400,-0.5844538775,2.4809776173
5,fft_random5,0,5,256,4096,49,0.0575442500,0.1458100633,-4.2676919800,-0.2348932594
5,fft_random5,0,5,256,4096,50,0.1614268849,-0.5259290500,0.4291577398,2.8255644442
5,fft_random5,0,5,256,4096,51,-0.8355411726,-0.7734464827,0.4364763158,-0.7547909398
5,fft_random5,0,5,256,4096,52,-0.7201770135,-0.8769514251,4.6113683894,-0.2593314809
5,fft_random5,0,5,256,4096,53,0.6623969009,0.0154503861,-5.8364240582,1.1404079874
5,fft_random5,0,5,256,4096,54,-0.5933365394,0.7560546165,2.3798428095,1.9740985831
5,fft_random5,0,5,256,4096,55,0.2850253883,-0.8372250433,1.6351686023,-2.6356666747
5,fft_random5,0,5,256,4096,56,0.6420176131,0.7472828989,0.3186782158,1.7351408778
5,fft_random5,0,5,256,4096,57,-0.3472018662,0.8955433851,2.6648722418,0.4987930342
5,fft_random5,0,5,256,4096,58,-0.8715781547,0.6713816182,-0.2772314514,2.2208922538
5,fft_random5,0,5,256,4096,59,0.5417263433,0.3776338124,-2.5852997538,0.7821097106
5,fft_random5,0,5,256,4096,60,0.6716309046,0.4988884823,-1.7129181620,0.5946385702
5,fft_random5,0,5,256,4096,61,-0.3850297953,0.7107269881,-0.3733977364,4.2483380752
5,fft_random5,0,5,256,4096,62,0.5124313369,0.0686956667,0.4892743389,0.5553738458
5,fft_random5,0,5,256,4096,63,-0.4304860951,-0.1615747394,3.7077325614,-2.8734696041
5,fft_random5,0,5,256,4096,64,-0.4837253752,0.7245045694,0.3545616358,-0.0584718901
5,fft_random5,0,5,256,4096,65,0.7980872645,-0.2664551357,2.9646616156,4.0450031175
5,fft_random5,0,5,256,4096,66,-0.7010266918,0.5484100824,-0.7327735707,0.6057649853
5,fft_random5,0,5,256,4096,67,0.2223108852,0.1517899342,1.2329161864,0.4342717432
5,fft_random5,0,5,256,4096,68,-0.4217667436,0.1720358781,-3.1992747903,-0.2675961592
5,fft_random5,0,5,256,4096,69,-0.5713894060,-0.5851930493,-0.0915996669,-0.3965524116
5,fft_random5,0,5,256,4096,70,0.2240305930,0.8332722989,0.3658777868,-0.3238872168
5,fft_random5,0,5,256,4096,71,-0.6428350366,-0.4013340158,-4.7250143659,-1.1447344632
5,fft_random5,0,5,256,4096,72,-0.2464947550,0.3782175407,-1.8565923554,4.4134403592
5,fft_random5,0,5,256,4096,73,-0.2409047775,-0.7476406503,-1.5381485633,-1.6568114098
5,fft_random5,0,5,256,4096,74,0.7789618296,-0.1148301391,1.4170066857,3.5681838960
5,fft_random5,0,5,256,4096,75,0.4112982567,-0.7320190370,1.3360590241,4.6540570165
5,fft_random5,0,5,256,4096,76,-0.7986616371,-0.1125253332,-3.1012885338,0.5615583096
5,fft_random5,0,5,256,4096,77,0.7742840340,0.4568142089,-1.1455910210,-2.1140707554
5,fft_random5,0,5,256,4096,78,0.8976674203,-0.2516006625,0.9107221004,0.3227845961
5,fft_random5,0,5,256,4096,79,0.3547257753,-0.1119183796,0.0688718291,-1.0508666075
6,fft_random8,0,8,256,4096,0,0.5941174431,0.4012702200,3.5369614446,0.3951556102
6,fft_random8,0,8,256,4096,1,0.7269440522,-0.5855408263,-1.5184410142,-1.1918199399
6,fft_random8,0,8,256,4096,2,-0.5183949598,-0.2018860978,-1.1244922451,0.2032580669
6,fft_random8,0,8,256,4096,3,0.7962053396,-0.1839906178,1.4577935152,-1.9343091988
6,fft_random8,0,8,256,4096,4,-0.1034090551,-0.5969290907,0.8405689145,-0.3613910829
6,fft_random8,0,8,256,4096,5,0.0304814151,0.3248385483,4.2741688144,1.0192257826
6,fft_random8,0,8,256,4096,6,0.5403431558,-0.3394850773,-2.2550326849,-0.3699184259
6,fft_random8,0,8,256,4096,7,0.8957553912,0.5742608148,3.1039721557,1.7639439000
6,fft_random8,0,8,256,4096,8,-0.8994943469,-0.1604770236,-4.4445959407,0.6633697802
6,fft_random8,0,8,256,4096,9,0.5025759318,-0.0067502270,-1.0558681234,2.6119944020
6,fft_random8,0,8,256,4096,10,-0.2323538782,0.6963713716,0.5146865718,3.2572075571
6,fft_random8,0,8,256,4096,11,0.4945691914,-0.0704017953,2.0297286681,1.4199992929
6,fft_random8,0,8,256,4096,12,0.3852314041,0.1787244581,-0.0271526379,-1.4067800527
6,fft_random8,0,8,256,4096,13,0.4740407047,0.4173293506,1.1719732881,1.7621505663
6,fft_random8,0,8,256,4096,14,-0.2198570110,0.5516739350,0.5160413469,-0.4545558818
6,fft_random8,0,8,256,4096,15,0.0702066666,-0.6038523322,2.4855670161,-0.9572068566
6,fft_random8,0,8,256,4096,16,-0.0850450139,0.0476142458,-2.4512754820,2.8628211800
6,fft_random8,0,8,256,4096,17,-0.5542431840,0.6115863682,0.1930975145,1.3052536341
6,fft_random8,0,8,256,4096,18,-0.6988625608,-0.8057709162,0.4163226408,0.6156714320
6,fft_random8,0,8,256,4096,19,-0.5490580966,0.8324399952,1.1447915233,1.2770416756
6,fft_random8,0,8,256,4096,20,-0.1799404253,0.1983790891,0.4000475774,4.7824571638
6,fft_random8,0,8,256,4096,21,-0.3177971542,0.5508050040,-2.1910128340,-0.7163511745
6,fft_random8,0,8,256,4096,22,-0.3882797585,0.1618320139,1.9955110372,-1.5074341257
6,fft_random8,0,8,256,4096,23,0.5473429091,0.2255012780,2.8291213479,0.0586479762
6,fft_random8,0,8,256,4096,24,-0.2437335432,-0.2416229851,-1.2234657568,-4.1512658997
6,fft_random8,0,8,256,4096,25,-0.4855136223,0.5803342460,0.3079211897,-1.1603980870
6,fft_random8,0,8,256,4096,26,-0.4017709010,-0.3544842923,-1.0602013897,-0.2261455936
6,fft_random8,0,8,256,4096,27,0.6888495027,0.2581329000,-0.2958730189,3.8428017693
6,fft_random8,0,8,256,4096,28,-0.6066759628,0.8921405017,-1.1868861199,0.0920309623
6,fft_random8,0,8,256,4096,29,-0.1220050211,0.4075295760,-0.4502974030,0.0215024008
6,fft_random8,0,8,256,4096,30,0.7669375461,-0.5423100169,0.4797190359,-4.0202050333
6,fft_random8,0,8,256,4096,31,0.1785198039,0.0407141725,-0.2682400845,-2.3146003475
6,fft_random8,0,8,256,4096,32,0.2826719987,-0.3629334472,0.9602265247,-0.4606427644
6,fft_random8,0,8,256,4096,33,0.2092311231,0.4686044175,-0.4803183352,3.0060875962
6,fft_random8,0,8,256,4096,34,-0.7232580586,-0.3558704611,3.9646493684,0.9614829510
6,fft_random8,0,8,256,4096,35,-0.7011947406,0.6394709274,-0.3938130193,1.1974017408
6,fft_random8,0,8,256,4096,36,-0.6419736222,-0.0140413907,-0.7320328610,-1.5601442433
6,fft_random8,0,8,256,4096,37,0.1569778041,0.2045507253,0.1338327986,-1.3572055335
6,fft_random8,0,8,256,4096,38,0.1091722207,-0.0871312913,1.3505273503,-0.7601118785
6,fft_random8,0,8,256,4096,39,0.7052279636,-0.7749844864,3.1448122328,-2.4618343619
6,fft_random8,0,8,256,4096,40,-0.1262967930,-0.4251448032,-0.8199931734,-0.3780169738
6,fft_random8,0,8,256,4096,41,0.4246512214,0.1054499761,-0.8258416011,1.0415411065
6,fft_random8,0,8,256,4096,42,0.3623241111,0.4273916616,-3.5910808574,0.8456789906
6,fft_random8,0,8,256,4096,43,0.1667360902,0.0705226690,-1.3444048271,0.0893144744
6,fft_random8,0,8,256,4096,44,-0.0141088209,-0.3859260223,-1.4070294401,-2.3533786721
6,fft_random8,0,8,256,4096,45,-0.5441138313,-0.6305124218,4.2957408306,0.0698814600
6,fft_random8,0,8,256,4096,46,0.8215856399,0.7843258851,1.5257347339,-2.5994934128
6,fft_random8,0,8,256,4096,47,0.4725942186,-0.1244147025,-1.2582577459,-1.0874956342
6,fft_random8,0,8,256,4096,48,-0.5551859995,0.4378904504,-0.1844447132,-0.9008747961
6,fft_random8,0,8,256,4096,49,0.4575617820,-0.6105705817,-1.7320421778,-1.1062894449
6,fft_random8,0,8,256,4096,50,0.5867780869,-0.0555781938,-0.0269351888,0.1394038338
6,fft_random8,0,8,256,4096,51,-0.7514191890,-0.2404958621,-1.9903325270,-0.9417855003
6,fft_random8,0,8,256,4096,52,0.4669154196,0.3398456390,-1.2112343724,0.5202440110
6,fft_random8,0,8,256,4096,53,0.6838998517,-0.2663325120,-3.8010936196,-3.4902364568
6,fft_random8,0,8,256,4096,54,-0.4066764564,-0.7940284699,0.9131894478,2.3589049610
6,fft_random8,0,8,256,4096,55,-0.2021662802,-0.2336433515,-2.0550071343,3.3465171771
6,fft_random8,0,8,256,4096,56,0.5816898584,0.7387373896,-1.2896428606,0.3536187938
6,fft_random8,0,8,256,4096,57,-0.0206275476,0.3591350908,0.5530767871,-1.4155874287
6,fft_random8,0,8,256,4096,58,0.0238486057,-0.7503784362,1.1488934027,-2.1634422357
6,fft_random8,0,8,256,4096,59,0.2213099583,0.2988554786,-0.8096015707,-0.2219744627
6,fft_random8,0,8,256,4096,60,-0.7130587481,0.1101436994,1.8067640678,6.5334807049
6,fft_random8,0,8,256,4096,61,0.6587746243,-0.5503550046,1.3513633365,0.0888289022
6,fft_random8,0,8,256,4096,62,-0.7213545535,-0.3002600796,-0.9445589122,2.5716874472
6,fft_random8,0,8,256,4096,63,-0.4947341257,0.6161599475,-0.6113699579,1.3337516997
6,fft_random8,0,8,256,4096,64,0.0265281458,0.7885403727,-3.4281344554,-1.1116836424
6,fft_random8,0,8,256,4096,65,-0.1337774108,0.4334078032,-1.2573474242,2.1377952237
6,fft_random8,0,8,256,4096,66,-0.0985409771,-0.1005688254,0.5809815546,0.5547473572
6,fft_random8,0,8,256,4096,67,-0.8660783176,0.2258083089,2.0827057429,1.0606591309
6,fft_random8,0,8,256,4096,68,0.2766876865,-0.8808083856,0.3905808002,-0.7094872924
6,fft_random8,0,8,256,4096,69,-0.3328458928,0.4002232435,-0.5943516788,-0.3614332827
6,fft_random8,0,8,256,4096,70,0.4855931547,-0.6279000661,0.2436216003,0.5636832838
6,fft_random8,0,8,256,4096,71,-0.4184437729,-0.4555642233,2.1264266142,4.1240735558
6,fft_random8,0,8,256,4096,72,-0.7685399135,-0.8636105813,1.5666218872,-2.1766143495
6,fft_random8,0,8,256,4096,73,-0.5231016159,0.7837919241,-2.8201527010,-1.0721086260
6,fft_random8,0,8,256,4096,74,0.8041922452,0.2905420174,0.4214062055,-0.0962717717
6,fft_random8,0,8,256,4096,75,0.7485967318,-0.7842988660,1.8009049900,3.4538954238
6,fft_random8,0,8,256,4096,76,-0.8759554518,-0.4242789031,-3.8941863638,-1.5228447051
6,fft_random8,0,8,256,4096,77,-0.4623035192,-0.2799985030,6.0260061111,1.2937779478
6,fft_random8,0,8,256,4096,78,-0.7807211740,0.1739353756,-1.8169853703,3.8979094511
6,fft_random8,0,8,256,4096,79,-0.5094243737,0.2090956662,-1.0036471798,2.5805482586
6,fft_random8,0,8,256,4096,80,0.5180706100,-0.0768175952,2.0784468740,-1.1167194341
6,fft_random8,0,8,256,4096,81,0.0519401135,0.4607302723,1.8455519924,-0.8285208179
6,fft_random8,0,8,256,4096,82,0.1800730736,0.8562920898,1.5557873790,-0.0315506286
6,fft_random8,0,8,256,4096,83,0.5287961738,-0.3006665602,-1.3127750536,0.4119038468
6,fft_random8,0,8,256,4096,84,0.8485636750,0.1828032319,4.6155449661,-0.7704426327
6,fft_random8,0,8,256,4096,85,0.8021367946,0.3432332581,0.8022509615,-3.0108116455
6,fft_random8,0,8,256,4096,86,-0.7688263595,-0.8748871488,-0.8863126525,1.1622964632
6,fft_random8,0,8,256,4096,87,0.7501616193,-0.7228752220,3.0188332054,1.2934702526
6,fft_random8,0,8,256,4096,88,-0.3653221369,-0.3492805902,-3.8448057614,1.3374926102
6,fft_random8,0,8,256,4096,89,-0.2651041286,0.1065021991,1.5591893928,-0.3621678459
6,fft_random8,0,8,256,4096,90,-0.6707644870,0.8570706999,2.7933160727,-1.9877241237
6,fft_random8,0,8,256,4096,91,0.5841164437,-0.2573666447,-0.6610385024,0.2928149074
6,fft_random8,0,8,256,4096,92,-0.1498478480,-0.3525249582,0.5566711218,-1.8336101901
6,fft_random8,0,8,256,4096,93,0.6260484901,-0.5093002796,1.4678914014,1.2977061972
6,fft_random8,0,8,256,4096,94,-0.4751259709,-0.1322691411,-5.6466602143,-0.1685275476
6,fft_random8,0,8,256,4096,95,-0.1164691885,-0.3473630453,0.3472385779,3.0853090654
6,fft_random8,0,8,256,4096,96,-0.7489996870,-0.6967530901,-0.7896342536,-3.7190505726
6,fft_random8,0,8,256,4096,97,0.3317305027,0.5005819227,-3.8450441988,-0.6015977896
6,fft_random8,0,8,256,4096,98,-0.8478460024,-0.7864907385,2.7205850050,1.6068387293
6,fft_random8,0,8,256,4096,99,0.2386368507,0.6016041741,-1.1128351324,-1.2141393448
6,fft_random8,0,8,256,4096,100,-0.6063609807,-0.3660153234,-2.5185352844,-2.2593134715
6,fft_random8,0,8,256,4096,101,0.8041505137,-0.7425691175,3.4783889668,-1.3440527546
6,fft_random8,0,8,256,4096,102,0.6538002470,-0.8858850231,4.2843821548,0.4508300677
6,fft_random8,0,8,256,4096,103,0.6750347101,-0.7179768221,-0.9862313752,-0.5149707863
6,fft_random8,0,8,256,4096,104,-0.5610933301,-0.4022801541,-5.5117817722,-3.8030806326
6,fft_random8,0,8,256,4096,105,0.5483015188,0.6953069465,-2.1295659696,1.9028172671
6,fft_random8,0,8,256,4096,106,0.3514499807,-0.7999959780,-5.6320038328,-1.2490475096
6,fft_random8,0,8,256,4096,107,-0.8203566520,0.7457914812,1.9151785480,-1.8504145519
6,fft_random8,0,8,256,4096,108,-0.6391772613,-0.5141982409,-1.4025737262,1.8644574425
6,fft_random8,0,8,256,4096,109,0.5272970729,-0.7113026263,2.3373274439,-1.2663235889
6,fft_random8,0,8,256,4096,110,-0.7524809790,0.6905529455,-1.6311824273,-1.6839000069
6,fft_random8,0,8,256,4096,111,0.0562792423,-0.3294209287,-1.1604691379,2.5328980614
6,fft_random8,0,8,256,4096,112,-0.3220615646,0.0268616188,0.1167993682,0.2713998358
6,fft_random8,0,8,256,4096,113,0.3115877031,-0.6477315450,1.2585340185,0.0828209393
6,fft_random8,0,8,256,4096,114,0.5811733447,0.2318471966,2.3106736963,-0.9829605350
6,fft_random8,0,8,256,4096,115,0.0422811181,0.6567764608,-4.3296215339,0.3905163528
6,fft_random8,0,8,256,4096,116,-0.5679583840,-0.3300208149,-1.1182589694,-2.9646917172
6,fft_random8,0,8,256,4096,117,0.4226427180,0.4507772957,-3.0486236903,0.8498090780
6,fft_random8,0,8,256,4096,118,-0.4932683462,-0.2821387029,0.2735320839,3.6318831644
6,fft_random8,0,8,256,4096,119,-0.5295877767,-0.8294421637,0.8067991218,-1.5300048896
6,fft_random8,0,8,256,4096,120,0.4516940504,0.2848284844,-0.1343489854,1.7209658170
6,fft_random8,0,8,256,4096,121,0.0679317043,0.1143393592,-2.7857762629,1.2030961943
6,fft_random8,0,8,256,4096,122,0.2341864499,0.7214856658,1.3209084592,1.5108291421
6,fft_random8,0,8,256,4096,123,-0.6305979240,-0.4364253263,-1.2368998061,-0.5064806112
6,fft_random8,0,8,256,4096,124,-0.5247199531,-0.2986719318,-2.7163748188,-0.2956845098
6,fft_random8,0,8,256,4096,125,-0.0721232351,0.1197523572,1.3554479420,-2.9946399505
6,fft_random8,0,8,256,4096,126,0.6321795944,0.6419913104,0.9841290522,-0.3982203719
6,fft_random8,0,8,256,4096,127,0.5134398692,-0.1528294285,1.7900952904,0.4411479622
7,fft_random10,0,10,256,4096,0,0.7622810498,-0.8652674230,-2.1833587943,2.9336876837
7,fft_random10,0,10,256,4096,1,0.8264835446,-0.2767898456,1.7560694513,-4.0051942877
7,fft_random10,0,10,256,4096,2,0.0790066834,-0.0330248195,0.2631587588,-2.5805783285
7,fft_random10,0,10,256,4096,3,0.1366399556,-0.0558938929,0.7405173604,-0.9785158663
7,fft_random10,0,10,256,4096,4,-0.1938120931,0.1380287457,-0.7337414498,-2.4814884616
7,fft_random10,0,10,256,4096,5,-0.1873255486,0.0046892797,0.7382786667,-2.0076717220
7,fft_random10,0,10,256,4096,6,-0.8438295915,0.6636245769,0.1828451269,-1.1616535819
7,fft_random10,0,10,256,4096,7,-0.2650033549,0.8447706673,-0.2829062619,-1.9744351851
7,fft_random10,0,10,256,4096,8,-0.4133416621,0.4676022273,-0.8845357227,-1.1160811479
7,fft_random10,0,10,256,4096,9,-0.0117856154,0.3563091187,1.0207690751,-0.2066739132
7,fft_random10,0,10,256,4096,10,-0.0054116292,0.0675996298,0.8337621759,-3.0686527206
7,fft_random10,0,10,256,4096,11,-0.8824722531,0.5320819779,3.6503575346,0.3305240351
7,fft_random10,0,10,256,4096,12,-0.3261710811,0.7788280027,3.1174608207,2.7406481366
7,fft_random10,0,10,256,4096,13,0.3534560011,-0.0345669125,-1.3758233737,0.3586253700
7,fft_random10,0,10,256,4096,14,-0.5926689347,-0.3085876720,2.1959241864,1.5527968544
7,fft_random10,0,10,256,4096,15,-0.6194042650,0.6542840233,3.1577192426,-2.1796156328
7,fft_random10,0,10,256,4096,16,0.4437922675,-0.6480081401,-2.4653518950,-0.5938438131
7,fft_random10,0,10,256,4096,17,-0.0709646168,-0.8365099711,2.7346024740,-0.7148521310
7,fft_random10,0,10,256,4096,18,-0.3597160020,0.6203489434,-1.2339221445,-2.4692704643
7,fft_random10,0,10,256,4096,19,0.8380199308,0.7125910612,-2.1570714780,-1.9271579209
7,fft_random10,0,10,256,4096,20,-0.4405387770,-0.2787271918,0.2360528295,-2.2267719939
7,fft_random10,0,10,256,4096,21,-0.3431818033,0.6859612781,-1.2494318091,-1.1828772395
7,fft_random10,0,10,256,4096,22,-0.1384999880,0.6532238529,2.7249929340,-1.2452750896
7,fft_random10,0,10,256,4096,23,0.2230846198,-0.5478610817,1.7005691575,-0.2675905880
7,fft_random10,0,10,256,4096,24,-0.4021167085,-0.8902277390,-0.4906147854,0.1577826415
7,fft_random10,0,10,256,4096,25,-0.7176615207,0.3958092414,-0.2048148361,2.6809245765
7,fft_random10,0,10,256,4096,26,-0.2398363665,-0.1497146399,1.4481386066,0.9770592712
7,fft_random10,0,10,256,4096,27,-0.0811998521,-0.5125945336,5.5360907080,1.6520612665
7,fft_random10,0,10,256,4096,28,-0.3379881244,-0.0554303514,-0.2274915191,-4.8267405232
7,fft_random10,0,10,256,4096,29,-0.0118684690,-0.3172810749,1.2100927135,0.5958858000
7,fft_random10,0,10,256,4096,30,-0.0030796411,0.5305046800,0.3416004457,-2.0788270610
7,fft_random10,0,10,256,4096,31,-0.8235968436,0.0440718534,-0.8027651219,1.1013630276
7,fft_random10,0,10,256,4096,32,0.0955506543,0.7314115688,1.1186512694,-1.3620662736
7,fft_random10,0,10,256,4096,33,-0.5384862059,-0.7639206627,1.1689060491,2.3628239871
7,fft_random10,0,10,256,4096,34,-0.6934917703,-0.3530673190,-1.7069158826,0.0396527468
7,fft_random10,0,10,256,4096,35,0.2914322525,-0.4945989663,-0.5056037545,3.2657505923
7,fft_random10,0,10,256,4096,36,-0.0788058070,0.6426357281,0.3127511389,5.3671524635
7,fft_random10,0,10,256,4096,37,-0.6389666351,0.5432130990,1.0168678340,1.2042861078
7,fft_random10,0,10,256,4096,38,-0.1068172436,-0.3920582216,-2.9247604277,-0.5751849543
7,fft_random10,0,10,256,4096,39,-0.5046250913,0.5093103635,-0.5357033662,-0.1471135803
7,fft_random10,0,10,256,4096,40,0.5346994455,0.3884550721,1.7911250053,3.3892973874
7,fft_random10,0,10,256,4096,41,-0.0840683225,-0.7489139588,-3.3781488599,1.3265086802
7,fft_random10,0,10,256,4096,42,0.7661565546,0.4078350576,3.4516186575,1.0458222806
7,fft_random10,0,10,256,4096,43,0.6906869327,-0.8286921992,-1.1422060010,-0.4632536785
7,fft_random10,0,10,256,4096,44,0.6938672417,-0.0012595669,1.7587187247,-0.3494123691
7,fft_random10,0,10,256,4096,45,-0.3357384786,-0.5797112892,2.0113609922,-0.4311005934
7,fft_random10,0,10,256,4096,46,0.2437290620,-0.4103367621,1.2408123133,1.4036718457
7,fft_random10,0,10,256,4096,47,0.7835286804,-0.0123682168,-2.1486632232,-4.3742495412
7,fft_random10,0,10,256,4096,48,0.4959863582,0.7769569036,-1.0755183995,2.7455314800
7,fft_random10,0,10,256,4096,49,0.7000328474,0.7452153815,2.2773863674,4.2586025186
7,fft_random10,0,10,256,4096,50,-0.8491095924,0.1694466607,0.9563197026,1.5948092496
7,fft_random10,0,10,256,4096,51,-0.5394051557,0.7327753884,1.4632644354,0.9122578211
7,fft_random10,0,10,256,4096,52,-0.6220734289,-0.6021351007,4.0924786865,-3.2985353743
7,fft_random10,0,10,256,4096,53,0.3605004404,0.7336505311,-3.2866635837,2.1751315337
7,fft_random10,0,10,256,4096,54,-0.3305135619,0.8753639807,1.0910506049,0.9349218992
7,fft_random10,0,10,256,4096,55,-0.3598087339,-0.6884634158,0.1416964110,-2.8310623261
7,fft_random10,0,10,256,4096,56,0.4785316301,-0.4122008513,-2.2961551720,-0.8355934725
7,fft_random10,0,10,256,4096,57,-0.1845830831,-0.2283026858,-2.6794736968,-1.9158716121
7,fft_random10,0,10,256,4096,58,-0.6221360407,0.4035388344,1.5853721719,1.7516344527
7,fft_random10,0,10,256,4096,59,0.1472256318,-0.5907802281,1.4312706256,1.7345382144
7,fft_random10,0,10,256,4096,60,0.2386238205,-0.0407445976,1.6434684046,0.2761027829
7,fft_random10,0,10,256,4096,61,0.3228685278,0.2569705819,1.5130078133,3.6815575775
7,fft_random10,0,10,256,4096,62,-0.4751459706,-0.2152568261,1.7991279071,-0.2508225992
7,fft_random10,0,10,256,4096,63,0.1634879115,0.8294969232,-0.7208505473,1.4981083129
7,fft_random10,0,10,256,4096,64,-0.5886621394,-0.1944491193,-1.8040602968,-0.3561754894
7,fft_random10,0,10,256,4096,65,0.2021213569,-0.6750172835,0.4355849068,-3.0551267883
7,fft_random10,0,10,256,4096,66,0.6468601252,-0.1582579071,1.2757704924,-2.1087268205
7,fft_random10,0,10,256,4096,67,-0.5363469408,0.4473558374,-2.2417354413,-1.1113008252
7,fft_random10,0,10,256,4096,68,-0.5580790003,0.4452044449,-1.1015170432,-2.4054538950
7,fft_random10,0,10,256,4096,69,0.2271350042,0.0610345617,-4.1260584320,2.9065165754
7,fft_random10,0,10,256,4096,70,0.2251541695,0.6763551032,2.2002195016,-1.1165646008
7,fft_random10,0,10,256,4096,71,-0.6307524048,-0.3378208774,-0.1155734539,1.3057440368
7,fft_random10,0,10,256,4096,72,0.3897451175,0.0003854735,0.2280275230,1.8878495022
7,fft_random10,0,10,256,4096,73,0.3328778198,0.8194150049,-0.2002702494,-0.8121577982
7,fft_random10,0,10,256,4096,74,-0.3170001840,0.3586530488,-0.7371334000,0.1253763988
7,fft_random10,0,10,256,4096,75,0.2927191736,-0.3059038289,-0.8766344273,-0.3088447702
7,fft_random10,0,10,256,4096,76,-0.1811978094,-0.1571353177,-1.0752255094,1.2498018077
7,fft_random10,0,10,256,4096,77,-0.3563422102,-0.7730114144,2.3864737972,1.6889544034
7,fft_random10,0,10,256,4096,78,-0.4048366660,-0.2049187199,-0.5774174427,1.1713839303
7,fft_random10,0,10,256,4096,79,-0.5474557086,-0.3580644956,-3.0890447560,-2.1724615765
7,fft_random10,0,10,256,4096,80,0.0044767538,0.2925037547,-1.3604690302,-1.1745957526
7,fft_random10,0,10,256,4096,81,0.7197805337,0.1845152563,3.0340798249,2.7809478917
7,fft_random10,0,10,256,4096,82,-0.7215210908,0.7721610360,0.8192404042,5.7086662618
7,fft_random10,0,10,256,4096,83,-0.6230813177,-0.2389056853,-0.1973865398,-0.9640969765
7,fft_random10,0,10,256,4096,84,-0.1134335802,-0.3855332885,1.2037810872,-3.5420560582
7,fft_random10,0,10,256,4096,85,0.2843152737,-0.0076432381,-1.9800164841,0.1149081696
7,fft_random10,0,10,256,4096,86,0.3438835566,-0.8525042705,-2.5006292890,-3.2795117336
7,fft_random10,0,10,256,4096,87,-0.7984474969,0.2898576724,-1.9765553186,2.1993297792
7,fft_random10,0,10,256,4096,88,-0.1701102815,-0.6381742096,-0.7582866096,-3.1118797999
7,fft_random10,0,10,256,4096,89,-0.2906901548,0.6455043177,-0.6138530364,1.0997323797
7,fft_random10,0,10,256,4096,90,-0.8459556673,-0.3012000070,3.3600407492,0.7678637308
7,fft_random10,0,10,256,4096,91,-0.4138950463,-0.8876624853,0.5216206456,1.6285962857
7,fft_random10,0,10,256,4096,92,-0.3158218958,-0.5279374627,-1.4645814624,2.7919667867
7,fft_random10,0,10,256,4096,93,0.7195544534,0.3290353134,0.8277545336,-1.0824298461
7,fft_random10,0,10,256,4096,94,0.7591043853,-0.5025533288,-0.6241640711,-0.9258170740
7,fft_random10,0,10,256,4096,95,0.1013725445,0.6539408727,1.7810526574,1.6684360312
7,fft_random10,0,10,256,4096,96,0.6863281580,0.7220580695,0.7611528548,3.1049709196
7,fft_random10,0,10,256,4096,97,-0.8617319487,-0.7665137658,1.5398366116,0.8331605567
7,fft_random10,0,10,256,4096,98,-0.6725202976,0.3253474375,0.2389368545,2.2109589389
7,fft_random10,0,10,256,4096,99,-0.5742475301,0.6925022089,-2.1646305815,3.0011787839
7,fft_random10,0,10,256,4096,100,0.6075833538,0.2849626492,1.8390158952,-0.5001085928
7,fft_random10,0,10,256,4096,101,0.3162720195,0.7519004550,-1.2347428039,0.3701000049
7,fft_random10,0,10,256,4096,102,-0.7665491926,-0.0180408796,-0.0569207685,1.6691795868
7,fft_random10,0,10,256,4096,103,0.2402934954,0.6342742198,2.2470262545,4.1104318593
7,fft_random10,0,10,256,4096,104,0.1677419853,-0.5352979568,0.0128218793,-2.5604263115
7,fft_random10,0,10,256,4096,105,0.0295622818,0.8743884468,3.7277181413,2.2268011434
7,fft_random10,0,10,256,4096,106,-0.5407658500,0.5569147673,2.6816135954,1.5806420113
7,fft_random10,0,10,256,4096,107,0.6444706035,0.5442477814,-0.6950458831,3.9164133915
7,fft_random10,0,10,256,4096,108,0.0540447928,-0.6961416393,3.4498025307,-0.9421115249
7,fft_random10,0,10,256,4096,109,0.5924796583,0.1538775130,1.9659498956,-0.6147918435
7,fft_random10,0,10,256,4096,110,0.8511244172,-0.3675301438,-2.0938616947,-3.0690241255
7,fft_random10,0,10,256,4096,111,-0.0129330920,-0.0519782434,-1.2374222531,-3.7844456854
7,fft_random10,0,10,256,4096,112,-0.4331231297,0.8268128446,0.0213118861,-1.7662916230
7,fft_random10,0,10,256,4096,113,0.2056238720,0.0383517468,-0.5611596165,-0.0663991532
7,fft_random10,0,10,256,4096,114,-0.0594764303,0.8678032534,2.1820355438,3.8523018710
7,fft_random10,0,10,256,4096,115,0.6450500929,-0.6970475185,-0.7436902890,-0.9767888852
7,fft_random10,0,10,256,4096,116,-0.6073542274,-0.3131478177,0.2071197931,1.2538480790
7,fft_random10,0,10,256,4096,117,0.2598577395,-0.8270837157,-3.9196954965,0.1269404708
7,fft_random10,0,10,256,4096,118,0.1762316888,0.0666839057,2.3813407969,-2.6882292690
7,fft_random10,0,10,256,4096,119,0.1271473912,-0.3306100710,-1.9528432895,0.6461376219
7,fft_random10,0,10,256,4096,120,0.7726917717,0.2873818541,-1.8495747402,3.6331108582
7,fft_random10,0,10,256,4096,121,-0.0278830092,0.6419224297,0.8864818957,2.5061141749
7,fft_random10,0,10,256,4096,122,-0.3802166831,-0.4382902588,1.7852567811,1.7004466461
7,fft_random10,0,10,256,4096,123,0.5275922075,-0.8934409895,-0.6327712919,0.2229294618
7,fft_random10,0,10,256,4096,124,-0.7130256987,-0.4029656582,-2.3021020751,-1.5283424233
7,fft_random10,0,10,256,4096,125,-0.6654245713,-0.5757356141,-0.8696150263,-0.8316174157
7,fft_random10,0,10,256,4096,126,0.3301412816,0.0391314946,0.2911611507,4.4567134506
7,fft_random10,0,10,256,4096,127,-0.1365204094,-0.0560575084,-1.8532260974,2.6881316487
7,fft_random10,0,10,256,4096,128,0.5198490699,-0.3753917614,2.8697933373,-0.2449886005
7,fft_random10,0,10,256,4096,129,0.8186229579,0.6163757306,0.1364055462,-1.6627905877
7,fft_random10,0,10,256,4096,130,-0.5460965224,-0.4244896952,1.6904555044,1.2349090712
7,fft_random10,0,10,256,4096,131,0.2858928011,-0.0705337406,4.6618308941,1.5396220098
7,fft_random10,0,10,256,4096,132,0.4389562444,-0.8012373482,0.5169068917,3.6170604688
7,fft_random10,0,10,256,4096,133,-0.1017861404,0.1048517464,-2.9031568910,-3.2222042018
7,fft_random10,0,10,256,4096,134,0.5713299037,0.3695942239,1.3221506845,-1.7075856682
7,fft_random10,0,10,256,4096,135,0.2180014092,-0.3257009551,-2.1286068255,-2.4536388527
7,fft_random10,0,10,256,4096,136,0.3123919423,0.5060882675,-0.1083050420,-3.3252971285
7,fft_random10,0,10,256,4096,137,-0.5068775658,0.0043735366,-0.9801663017,-2.6270862811
7,fft_random10,0,10,256,4096,138,0.0003052261,-0.6149993956,-1.1089307332,3.0866102309
7,fft_random10,0,10,256,4096,139,0.6780603634,0.6923809613,1.0334700842,0.6494523830
7,fft_random10,0,10,256,4096,140,-0.4447750451,0.4170787320,0.0272936593,-1.0606231805
7,fft_random10,0,10,256,4096,141,-0.6348555693,0.1668794265,-0.2965181637,0.4512357969
7,fft_random10,0,10,256,4096,142,0.5287833287,-0.8617858874,1.4485637958,-0.5545131449
7,fft_random10,0,10,256,4096,143,0.7319909334,0.3515275584,2.1363986786,0.2735695022
7,fft_random10,0,10,256,4096,144,0.6247246581,0.2124440065,0.4132293156,-5.7173637842
7,fft_random10,0,10,256,4096,145,0.5964390911,-0.8289747531,1.1914570020,-0.2768273802
7,fft_random10,0,10,256,4096,146,-0.0888828280,-0.5039863932,1.9039363527,-0.2979589635
7,fft_random10,0,10,256,4096,147,0.3871976817,-0.3812157532,1.4501869200,1.7608363959
7,fft_random10,0,10,256,4096,148,0.0020043577,-0.5148698818,-2.3557638352,4.3899734505
7,fft_random10,0,10,256,4096,149,-0.6028999668,-0.2172734884,-0.6389822280,-1.0715730236
7,fft_random10,0,10,256,4096,150,0.4146890243,-0.5119542882,-1.3581983306,0.1473033790
7,fft_random10,0,10,256,4096,151,0.4892595443,-0.7588513318,-1.9168112610,0.5046764024
7,fft_random10,0,10,256,4096,152,-0.7741052914,-0.7549814912,-0.4956260875,-1.5956265256
7,fft_random10,0,10,256,4096,153,-0.7397149231,-0.0296575110,0.0960679006,0.5109981558
7,fft_random10,0,10,256,4096,154,0.5436692962,-0.5522674301,0.1134636269,0.6337683958
7,fft_random10,0,10,256,4096,155,0.1320612241,-0.0819016342,4.0016364958,2.6972059510
7,fft_random10,0,10,256,4096,156,-0.8362361023,-0.1627312634,-1.4962889046,-1.9575376601
7,fft_random10,0,10,256,4096,157,-0.6134881280,-0.1693972948,3.5382226503,1.3541423991
7,fft_random10,0,10,256,4096,158,0.0729384995,-0.8681484136,2.0802027962,0.0571418310
7,fft_random10,0,10,256,4096,159,0.8055731783,0.4064031372,3.4688621169,2.2599450815
8,fft_random1_addr,0,1,2048,9216,0,0.3872297993,0.0448295911,1.5199448756,1.0619283759
8,fft_random1_addr,0,1,2048,9216,1,-0.5593683370,0.1736592640,1.1793877298,0.4362673296
8,fft_random1_addr,0,1,2048,9216,2,0.7853583521,0.7017984145,-0.7059809898,-1.9898579955
8,fft_random1_addr,0,1,2048,9216,3,-0.2178725734,-0.7925314980,-0.2173117104,2.3434051807
8,fft_random1_addr,0,1,2048,9216,4,0.8548924891,0.1663692390,2.5992122427,0.9200178827
8,fft_random1_addr,0,1,2048,9216,5,-0.6562008304,0.8183339439,-1.1192758770,-4.1609224610
8,fft_random1_addr,0,1,2048,9216,6,-0.5661944914,0.7140012299,-0.5528948891,2.5696310499
8,fft_random1_addr,0,1,2048,9216,7,0.5300620719,-0.6204285907,-0.3221754278,1.4542685741
8,fft_random1_addr,0,1,2048,9216,8,-0.0295923429,0.0270669244,4.2228802176,0.3983530596
8,fft_random1_addr,0,1,2048,9216,9,-0.1658750060,0.2996316181,5.2938409958,0.6055138990
8,fft_random1_addr,0,1,2048,9216,10,0.5636826285,-0.3407955446,-2.3837883034,0.0707595855
8,fft_random1_addr,0,1,2048,9216,11,0.5089173008,0.7818617995,-0.0241617093,-1.4226643506
8,fft_random1_addr,0,1,2048,9216,12,0.5518187560,-0.7259416346,-1.2846425299,-4.3310028385
8,fft_random1_addr,0,1,2048,9216,13,-0.6070448424,-0.1547673038,-0.1174207849,1.9778969667
8,fft_random1_addr,0,1,2048,9216,14,0.3242173559,0.1428124980,-0.5536309722,1.8753430045
8,fft_random1_addr,0,1,2048,9216,15,-0.1840854546,-0.1739715749,-1.3383060781,-1.0916638046
9,fft_random4_addr,0,4,2048,9216,0,0.0102931038,0.4401642133,-1.7087292583,1.3568642302
9,fft_random4_addr,0,4,2048,9216,1,-0.1686966581,0.4913196085,-1.1719975509,0.7162964650
9,fft_random4_addr,0,4,2048,9216,2,0.5521860544,0.8812237015,2.8007995917,-2.3793158239
9,fft_random4_addr,0,4,2048,9216,3,0.2315968918,-0.7063083912,1.0092932080,-0.9868992672
9,fft_random4_addr,0,4,2048,9216,4,-0.8822053041,0.6716658118,0.2499795551,0.6915995952
9,fft_random4_addr,0,4,2048,9216,5,0.1186999821,-0.5119196601,1.9480440606,-0.8303329997
9,fft_random4_addr,0,4,2048,9216,6,-0.6857013037,0.0039241768,2.2043665371,1.6203175729
9,fft_random4_addr,0,4,2048,9216,7,0.8798712405,-0.0721002314,-2.0461367194,0.9679670405
9,fft_random4_addr,0,4,2048,9216,8,-0.2210924131,-0.8696955606,-0.9642339481,0.8531949326
9,fft_random4_addr,0,4,2048,9216,9,-0.6527246720,0.7016509570,4.8822124742,5.0151872655
9,fft_random4_addr,0,4,2048,9216,10,0.8556795434,0.0579151831,1.1366342554,-3.2831448968
9,fft_random4_addr,0,4,2048,9216,11,0.2636406616,0.3644818531,-2.7084799788,2.8399180971
9,fft_random4_addr,0,4,2048,9216,12,-0.8055516303,-0.5236233538,-5.1712413235,-4.0276143151
9,fft_random4_addr,0,4,2048,9216,13,-0.6632059571,0.8001716386,0.0484397458,0.6449030597
9,fft_random4_addr,0,4,2048,9216,14,-0.1600896536,0.4434554093,-0.2339698836,1.7318479265
9,fft_random4_addr,0,4,2048,9216,15,-0.3814291438,-0.8154611257,-0.1102911049,2.1118385301
9,fft_random4_addr,0,4,2048,9216,16,0.6561758840,-0.5247418454,-0.3964443520,2.1572253455
9,fft_random4_addr,0,4,2048,9216,17,-0.8732111555,-0.2696739647,-2.6202499888,-0.7771504322
9,fft_random4_addr,0,4,2048,9216,18,-0.1235484319,-0.7406907116,-0.9254762134,0.8513649097
9,fft_random4_addr,0,4,2048,9216,19,0.6659736267,-0.6030010678,-3.3192646963,-0.3487626410
9,fft_random4_addr,0,4,2048,9216,20,-0.2154378904,0.3079697014,0.8008085260,3.5387858782
9,fft_random4_addr,0,4,2048,9216,21,-0.8920041736,-0.7517139328,1.3508190030,-0.6838876950
9,fft_random4_addr,0,4,2048,9216,22,-0.4507226395,0.4405276932,3.8522385319,-2.2423972633
9,fft_random4_addr,0,4,2048,9216,23,0.1913286064,-0.0176770155,0.4727163807,-0.8656958004
9,fft_random4_addr,0,4,2048,9216,24,0.3496677584,0.7571562238,-0.0362391930,3.3308681926
9,fft_random4_addr,0,4,2048,9216,25,-0.5565248632,0.6662826756,-0.0490824061,-2.9994517335
9,fft_random4_addr,0,4,2048,9216,26,-0.0413418488,0.8554731294,1.7006746075,-3.1028840442
9,fft_random4_addr,0,4,2048,9216,27,0.5769325468,-0.1870665340,1.4243801407,0.4837821413
9,fft_random4_addr,0,4,2048,9216,28,-0.3835891184,0.7568263994,1.2591415532,-3.8380374993
9,fft_random4_addr,0,4,2048,9216,29,0.3874830581,-0.0528887467,0.7491191026,-1.3397073285
9,fft_random4_addr,0,4,2048,9216,30,-0.0075454860,0.8915261788,1.7920456787,1.1643895081
9,fft_random4_addr,0,4,2048,9216,31,0.3199197748,0.6289171624,4.4436274692,-3.7243110644
9,fft_random4_addr,0,4,2048,9216,32,-0.0174665962,0.2878119002,-0.0629612066,-1.3999099077
9,fft_random4_addr,0,4,2048,9216,33,0.8476756934,-0.0251354917,0.3247587388,-0.4634805216
9,fft_random4_addr,0,4,2048,9216,34,0.8219585998,-0.5347492853,-0.6883537488,-1.9768648971
9,fft_random4_addr,0,4,2048,9216,35,-0.4666336622,0.3535770337,1.4894164698,-2.6253820914
9,fft_random4_addr,0,4,2048,9216,36,0.3381799239,-0.7435965295,0.0040785350,0.2788538215
9,fft_random4_addr,0,4,2048,9216,37,-0.4186776455,0.0359581606,-2.4315507279,0.0136189189
9,fft_random4_addr,0,4,2048,9216,38,0.1580014433,-0.0236271181,-0.1644299232,0.5419210775
9,fft_random4_addr,0,4,2048,9216,39,-0.0445150821,-0.4083560377,1.6130690886,1.9872104500
9,fft_random4_addr,0,4,2048,9216,40,-0.6608447779,-0.0044303220,0.3613898429,-2.6925937683
9,fft_random4_addr,0,4,2048,9216,41,0.0581469933,0.2191582765,1.6146905838,-2.0585434993
9,fft_random4_addr,0,4,2048,9216,42,-0.5820483538,-0.5625519951,-3.2558218611,3.5069472240
9,fft_random4_addr,0,4,2048,9216,43,0.7149531890,0.4115047940,0.3651125987,1.2822814467
9,fft_random4_addr,0,4,2048,9216,44,0.3092465268,-0.0377843061,-0.4260468650,1.8216528251
9,fft_random4_addr,0,4,2048,9216,45,-0.2075330527,0.2007213697,0.2423652384,3.5616404024
9,fft_random4_addr,0,4,2048,9216,46,-0.2178124477,-0.4273241822,-1.1943457664,2.1870462509
9,fft_random4_addr,0,4,2048,9216,47,-0.6955919580,-0.1410861748,1.9291634632,0.6405926722
9,fft_random4_addr,0,4,2048,9216,48,0.0825308169,-0.2969684779,0.8125440611,3.2598783916
9,fft_random4_addr,0,4,2048,9216,49,-0.8562356851,0.2506865481,-0.4044893246,-2.4190639126
9,fft_random4_addr,0,4,2048,9216,50,0.4691569236,-0.2975799376,0.0624818646,2.2763968590
9,fft_random4_addr,0,4,2048,9216,51,0.6042288715,0.5849046635,-2.2190487129,1.7855606410
9,fft_random4_addr,0,4,2048,9216,52,0.2549745537,-0.7546799939,-1.7456434385,-0.3688732008
9,fft_random4_addr,0,4,2048,9216,53,-0.6610538628,0.1188404103,0.2790997385,4.2183890068
9,fft_random4_addr,0,4,2048,9216,54,0.7314124083,0.5273533491,-1.1434205312,-1.4124637043
9,fft_random4_addr,0,4,2048,9216,55,-0.5310837695,0.6024589532,1.4960043944,-1.8617685584
9,fft_random4_addr,0,4,2048,9216,56,0.0517306614,0.5460048763,4.5999745003,-2.5200481281
9,fft_random4_addr,0,4,2048,9216,57,0.7065870186,0.8807146407,-1.7776223263,-1.4253805178
9,fft_random4_addr,0,4,2048,9216,58,0.4601447253,0.5548914711,-1.5635202225,0.7655044307
9,fft_random4_addr,0,4,2048,9216,59,-0.8812955909,-0.4938706577,2.8842854211,-1.8479881932
9,fft_random4_addr,0,4,2048,9216,60,0.1050280709,-0.1638423725,-1.6898187115,-3.0489009344
9,fft_random4_addr,0,4,2048,9216,61,-0.8061620139,0.1807838491,-0.3371379511,-4.3456239246
9,fft_random4_addr,0,4,2048,9216,62,0.5512811207,0.2547362170,1.7414943039,3.0407974736
9,fft_random4_addr,0,4,2048,9216,63,0.5312998125,0.7654448526,0.3253100048,-0.8479113746
10,readonly_1,1,1,256,4096,0,0.0518664579,-0.5748974928,0.0000000000,0.0000000000
10,readonly_1,1,1,256,4096,1,0.1404038844,-0.4852023724,0.0000000000,0.0000000000
10,readonly_1,1,1,256,4096,2,-0.4189331302,-0.1806924073,0.0000000000,0.0000000000
10,readonly_1,1,1,256,4096,3,0.3646745540,0.7949059544,0.0000000000,0.0000000000
10,readonly_1,1,1,256,4096,4,-0.6433148770,-0.2015183496,0.0000000000,0.0000000000
10,readonly_1,1,1,256,4096,5,-0.8603556398,-0.1328617797,0.0000000000,0.0000000000
10,readonly_1,1,1,256,4096,6,-0.3721107313,0.7457853746,0.0000000000,0.0000000000
10,readonly_1,1,1,256,4096,7,-0.6320365973,0.1562111279,0.0000000000,0.0000000000
10,readonly_1,1,1,256,4096,8,-0.8617709799,0.7909824898,0.0000000000,0.0000000000
10,readonly_1,1,1,256,4096,9,-0.5262970426,-0.2632435879,0.0000000000,0.0000000000
10,readonly_1,1,1,256,4096,10,-0.0271219526,0.7463831200,0.0000000000,0.0000000000
10,readonly_1,1,1,256,4096,11,0.2478553598,0.7360890533,0.0000000000,0.0000000000
10,readonly_1,1,1,256,4096,12,0.1875182353,-0.4724704916,0.0000000000,0.0000000000
10,readonly_1,1,1,256,4096,13,-0.6331922668,-0.2874807899,0.0000000000,0.0000000000
10,readonly_1,1,1,256,4096,14,-0.1553657484,0.6492433449,0.0000000000,0.0000000000
10,readonly_1,1,1,256,4096,15,-0.6211030373,0.2950094076,0.0000000000,0.0000000000
11,readonly_2,1,2,256,4096,0,0.5039376612,-0.1095211914,0.0000000000,0.0000000000
11,readonly_2,1,2,256,4096,1,0.7350460893,-0.6679586013,0.0000000000,0.0000000000
11,readonly_2,1,2,256,4096,2,0.1165633397,0.7077879574,0.0000000000,0.0000000000
11,readonly_2,1,2,256,4096,3,0.2806874999,-0.7320041152,0.0000000000,0.0000000000
11,readonly_2,1,2,256,4096,4,0.6588917270,-0.4467143407,0.0000000000,0.0000000000
11,readonly_2,1,2,256,4096,5,-0.8651886439,0.6699737783,0.0000000000,0.0000000000
11,readonly_2,1,2,256,4096,6,-0.3087592238,-0.5835126378,0.0000000000,0.0000000000
11,readonly_2,1,2,256,4096,7,0.5213490219,0.6434100663,0.0000000000,0.0000000000
11,readonly_2,1,2,256,4096,8,0.8748401637,-0.3170889393,0.0000000000,0.0000000000
11,readonly_2,1,2,256,4096,9,-0.6842074946,-0.3534065794,0.0000000000,0.0000000000
11,readonly_2,1,2,256,4096,10,0.1781259169,-0.5549666130,0.0000000000,0.0000000000
11,readonly_2,1,2,256,4096,11,-0.7245657188,0.5512407730,0.0000000000,0.0000000000
11,readonly_2,1,2,256,4096,12,0.7761544639,-0.2353899325,0.0000000000,0.0000000000
11,readonly_2,1,2,256,4096,13,0.7153118575,0.6744961677,0.0000000000,0.0000000000
11,readonly_2,1,2,256,4096,14,0.0379571751,0.1391087874,0.0000000000,0.0000000000
11,readonly_2,1,2,256,4096,15,0.6670180473,-0.4726678443,0.0000000000,0.0000000000
11,readonly_2,1,2,256,4096,16,0.1765081934,0.0886837772,0.0000000000,0.0000000000
11,readonly_2,1,2,256,4096,17,-0.0035080471,0.1740783396,0.0000000000,0.0000000000
11,readonly_2,1,2,256,4096,18,-0.4350297169,-0.6477853308,0.0000000000,0.0000000000
11,readonly_2,1,2,256,4096,19,-0.7745374700,0.4480423990,0.0000000000,0.0000000000
11,readonly_2,1,2,256,4096,20,0.2513068488,0.8563174108,0.0000000000,0.0000000000
11,readonly_2,1,2,256,4096,21,0.8869713558,0.2492017302,0.0000000000,0.0000000000
11,readonly_2,1,2,256,4096,22,0.7218792426,0.3692676368,0.0000000000,0.0000000000
11,readonly_2,1,2,256,4096,23,-0.7189501584,0.4291498068,0.0000000000,0.0000000000
11,readonly_2,1,2,256,4096,24,0.2004489014,-0.2500950010,0.0000000000,0.0000000000
11,readonly_2,1,2,256,4096,25,0.0471827740,-0.0750063533,0.0000000000,0.0000000000
11,readonly_2,1,2,256,4096,26,0.4045722772,-0.1399917859,0.0000000000,0.0000000000
11,readonly_2,1,2,256,4096,27,-0.1498723831,-0.5863949170,0.0000000000,0.0000000000
11,readonly_2,1,2,256,4096,28,0.0364591777,0.0622366329,0.0000000000,0.0000000000
11,readonly_2,1,2,256,4096,29,-0.1150991590,-0.0984160929,0.0000000000,0.0000000000
11,readonly_2,1,2,256,4096,30,-0.1438127455,-0.5741337839,0.0000000000,0.0000000000
11,readonly_2,1,2,256,4096,31,-0.6372550748,0.8639207525,0.0000000000,0.0000000000
12,readonly_5,1,5,256,4096,0,-0.2611434119,-0.8671464961,0.0000000000,0.0000000000
12,readonly_5,1,5,256,4096,1,0.7670203529,0.3589968349,0.0000000000,0.0000000000
12,readonly_5,1,5,256,4096,2,-0.2383205254,-0.1414463801,0.0000000000,0.0000000000
12,readonly_5,1,5,256,4096,3,-0.6859176536,0.4527006027,0.0000000000,0.0000000000
12,readonly_5,1,5,256,4096,4,-0.1527380485,0.1091547038,0.0000000000,0.0000000000
12,readonly_5,1,5,256,4096,5,0.0626715881,-0.0103231191,0.0000000000,0.0000000000
12,readonly_5,1,5,256,4096,6,0.6055458220,-0.4544520262,0.0000000000,0.0000000000
12,readonly_5,1,5,256,4096,7,-0.2802708237,0.5397649769,0.0000000000,0.0000000000
12,readonly_5,1,5,256,4096,8,-0.0886720495,-0.3967748435,0.0000000000,0.0000000000
12,readonly_5,1,5,256,4096,9,-0.3517413125,-0.5776526329,0.0000000000,0.0000000000
12,readonly_5,1,5,256,4096,10,-0.2481322731,0.0890800950,0.0000000000,0.0000000000
12,readonly_5,1,5,256,4096,11,0.2245581604,-0.5640255256,0.0000000000,0.0000000000
12,readonly_5,1,5,256,4096,12,0.0023449804,-0.0257471163,0.0000000000,0.0000000000
12,readonly_5,1,5,256,4096,13,-0.8078973845,-0.2624311670,0.0000000000,0.0000000000
12,readonly_5,1,5,256,4096,14,-0.1658715223,-0.6087938684,0.0000000000,0.0000000000
12,readonly_5,1,5,256,4096,15,0.4107217603,-0.1854459251,0.0000000000,0.0000000000
12,readonly_5,1,5,256,4096,16,-0.5160273731,0.6279310700,0.0000000000,0.0000000000
12,readonly_5,1,5,256,4096,17,-0.8865900834,-0.8467009415,0.0000000000,0.0000000000
12,readonly_5,1,5,256,4096,18,-0.4252811238,-0.0518974223,0.0000000000,0.0000000000
12,readonly_5,1,5,256,4096,19,-0.6862965851,-0.7552471510,0.0000000000,0.0000000000
12,readonly_5,1,5,256,4096,20,0.5520563797,-0.6920366626,0.0000000000,0.0000000000
12,readonly_5,1,5,256,4096,21,-0.2825715109,0.1802108868,0.0000000000,0.0000000000
12,readonly_5,1,5,256,4096,22,0.2601624050,0.3555508490,0.0000000000,0.0000000000
12,readonly_5,1,5,256,4096,23,0.6667125311,0.3706164525,0.0000000000,0.0000000000
12,readonly_5,1,5,256,4096,24,0.7146104493,-0.1262377643,0.0000000000,0.0000000000
12,readonly_5,1,5,256,4096,25,0.2335750115,0.1427027774,0.0000000000,0.0000000000
12,readonly_5,1,5,256,4096,26,0.1534847854,-0.6610354692,0.0000000000,0.0000000000
12,readonly_5,1,5,256,4096,27,0.4270620446,-0.3872787773,0.0000000000,0.0000000000
12,readonly_5,1,5,256,4096,28,0.8284765446,-0.2318023414,0.0000000000,0.0000000000
12,readonly_5,1,5,256,4096,29,0.2840336071,-0.7854392148,0.0000000000,0.0000000000
12,readonly_5,1,5,256,4096,30,-0.3318753870,-0.0039521463,0.0000000000,0.0000000000
12,readonly_5,1,5,256,4096,31,-0.1999792128,0.6466068966,0.0000000000,0.0000000000
12,readonly_5,1,5,256,4096,32,-0.8109234928,-0.6557388956,0.0000000000,0.0000000000
12,readonly_5,1,5,256,4096,33,-0.5384982559,0.6860941249,0.0000000000,0.0000000000
12,readonly_5,1,5,256,4096,34,0.4492310816,-0.8913324610,0.0000000000,0.0000000000
12,readonly_5,1,5,256,4096,35,0.1606107224,0.3347748226,0.0000000000,0.0000000000
12,readonly_5,1,5,256,4096,36,-0.1577041312,0.1477422896,0.0000000000,0.0000000000
12,readonly_5,1,5,256,4096,37,0.6346319873,-0.3163257228,0.0000000000,0.0000000000
12,readonly_5,1,5,256,4096,38,-0.0324032412,0.1915190399,0.0000000000,0.0000000000
12,readonly_5,1,5,256,4096,39,0.4277447668,-0.0965403669,0.0000000000,0.0000000000
12,readonly_5,1,5,256,4096,40,-0.5844382419,-0.0372132841,0.0000000000,0.0000000000
12,readonly_5,1,5,256,4096,41,-0.1736839228,-0.4863609058,0.0000000000,0.0000000000
12,readonly_5,1,5,256,4096,42,-0.4541738270,0.3416935442,0.0000000000,0.0000000000
12,readonly_5,1,5,256,4096,43,-0.3029200772,0.4179982106,0.0000000000,0.0000000000
12,readonly_5,1,5,256,4096,44,-0.4114061848,0.5482451693,0.0000000000,0.0000000000
12,readonly_5,1,5,256,4096,45,-0.3906102032,-0.7218109283,0.0000000000,0.0000000000
12,readonly_5,1,5,256,4096,46,0.1931723935,0.0392606671,0.0000000000,0.0000000000
12,readonly_5,1,5,256,4096,47,-0.0869808747,-0.1129516625,0.0000000000,0.0000000000
12,readonly_5,1,5,256,4096,48,-0.4978581990,-0.7285119995,0.0000000000,0.0000000000
12,readonly_5,1,5,256,4096,49,-0.8380599436,0.8146762963,0.0000000000,0.0000000000
12,readonly_5,1,5,256,4096,50,-0.4189053686,0.0083937432,0.0000000000,0.0000000000
12,readonly_5,1,5,256,4096,51,0.1521075706,-0.2728595508,0.0000000000,0.0000000000
12,readonly_5,1,5,256,4096,52,-0.8925246199,-0.3771360180,0.0000000000,0.0000000000
12,readonly_5,1,5,256,4096,53,-0.4063640779,-0.6919651066,0.0000000000,0.0000000000
12,readonly_5,1,5,256,4096,54,-0.5580643596,-0.1078358622,0.0000000000,0.0000000000
12,readonly_5,1,5,256,4096,55,-0.5245145561,-0.7007229440,0.0000000000,0.0000000000
12,readonly_5,1,5,256,4096,56,0.8503163196,0.0704912793,0.0000000000,0.0000000000
12,readonly_5,1,5,256,4096,57,-0.7045228794,0.1490856220,0.0000000000,0.0000000000
12,readonly_5,1,5,256,4096,58,0.3070471057,0.4882782790,0.0000000000,0.0000000000
12,readonly_5,1,5,256,4096,59,0.8511880255,0.5748112708,0.0000000000,0.0000000000
12,readonly_5,1,5,256,4096,60,0.6436301048,-0.7990487675,0.0000000000,0.0000000000
12,readonly_5,1,5,256,4096,61,-0.3364197175,-0.5552348617,0.0000000000,0.0000000000
12,readonly_5,1,5,256,4096,62,-0.6905588077,0.0657052958,0.0000000000,0.0000000000
12,readonly_5,1,5,256,4096,63,0.4345088913,-0.2711247692,0.0000000000,0.0000000000
12,readonly_5,1,5,256,4096,64,-0.8290697043,-0.5862207615,0.0000000000,0.0000000000
12,readonly_5,1,5,256,4096,65,0.8351575053,0.4828373216,0.0000000000,0.0000000000
12,readonly_5,1,5,256,4096,66,0.1012577290,-0.4012233151,0.0000000000,0.0000000000
12,readonly_5,1,5,256,4096,67,-0.6209111160,-0.6750093783,0.0000000000,0.0000000000
12,readonly_5,1,5,256,4096,68,-0.7089416254,0.7998892230,0.0000000000,0.0000000000
12,readonly_5,1,5,256,4096,69,-0.1618797591,-0.2047677404,0.0000000000,0.0000000000
12,readonly_5,1,5,256,4096,70,0.7436393044,-0.0416643987,0.0000000000,0.0000000000
12,readonly_5,1,5,256,4096,71,-0.4060147944,0.5513881390,0.0000000000,0.0000000000
12,readonly_5,1,5,256,4096,72,-0.4837689366,-0.5090890195,0.0000000000,0.0000000000
12,readonly_5,1,5,256,4096,73,0.8790416285,0.4994333502,0.0000000000,0.0000000000
12,readonly_5,1,5,256,4096,74,-0.1518631975,-0.7972612721,0.0000000000,0.0000000000
12,readonly_5,1,5,256,4096,75,0.3826418320,-0.1592940207,0.0000000000,0.0000000000
12,readonly_5,1,5,256,4096,76,-0.4529602503,-0.1225295149,0.0000000000,0.0000000000
12,readonly_5,1,5,256,4096,77,0.2001767518,-0.5261143914,0.0000000000,0.0000000000
12,readonly_5,1,5,256,4096,78,0.4191966684,-0.3320809861,0.0000000000,0.0000000000
12,readonly_5,1,5,256,4096,79,0.2962093701,-0.3198915259,0.0000000000,0.0000000000
13,readonly_8,1,8,256,4096,0,0.6832433665,0.2556447146,0.0000000000,0.0000000000
13,readonly_8,1,8,256,4096,1,-0.0219815027,0.1319049040,0.0000000000,0.0000000000
13,readonly_8,1,8,256,4096,2,0.8371349826,0.0161993802,0.0000000000,0.0000000000
13,readonly_8,1,8,256,4096,3,0.7414907425,0.7139486265,0.0000000000,0.0000000000
13,readonly_8,1,8,256,4096,4,0.7441934339,0.3967355519,0.0000000000,0.0000000000
13,readonly_8,1,8,256,4096,5,0.4582516534,-0.2676543873,0.0000000000,0.0000000000
13,readonly_8,1,8,256,4096,6,0.2723593535,-0.0638754542,0.0000000000,0.0000000000
13,readonly_8,1,8,256,4096,7,0.0466435789,0.8895632309,0.0000000000,0.0000000000
13,readonly_8,1,8,256,4096,8,-0.4755152986,0.4668965331,0.0000000000,0.0000000000
13,readonly_8,1,8,256,4096,9,0.7446002688,0.3080640684,0.0000000000,0.0000000000
13,readonly_8,1,8,256,4096,10,-0.4109854983,-0.7891062377,0.0000000000,0.0000000000
13,readonly_8,1,8,256,4096,11,0.2957387274,0.1651268370,0.0000000000,0.0000000000
13,readonly_8,1,8,256,4096,12,0.5610215415,0.4991791890,0.0000000000,0.0000000000
13,readonly_8,1,8,256,4096,13,-0.2225765952,0.5562528033,0.0000000000,0.0000000000
13,readonly_8,1,8,256,4096,14,0.1825443102,-0.2649389987,0.0000000000,0.0000000000
13,readonly_8,1,8,256,4096,15,-0.3335374282,-0.2496286768,0.0000000000,0.0000000000
13,readonly_8,1,8,256,4096,16,-0.3027180237,0.8879987005,0.0000000000,0.0000000000
13,readonly_8,1,8,256,4096,17,0.7785514304,0.6628567401,0.0000000000,0.0000000000
13,readonly_8,1,8,256,4096,18,0.2817371726,0.0813145446,0.0000000000,0.0000000000
13,readonly_8,1,8,256,4096,19,0.0259026710,0.5294528620,0.0000000000,0.0000000000
13,readonly_8,1,8,256,4096,20,-0.8714062342,-0.3647612249,0.0000000000,0.0000000000
13,readonly_8,1,8,256,4096,21,0.4499028436,0.0760969493,0.0000000000,0.0000000000
13,readonly_8,1,8,256,4096,22,-0.5873504123,0.3964576462,0.0000000000,0.0000000000
13,readonly_8,1,8,256,4096,23,-0.8617269823,0.6733287523,0.0000000000,0.0000000000
13,readonly_8,1,8,256,4096,24,0.8963564530,0.8614860412,0.0000000000,0.0000000000
13,readonly_8,1,8,256,4096,25,-0.0886711798,-0.5533566237,0.0000000000,0.0000000000
13,readonly_8,1,8,256,4096,26,-0.3090045453,-0.2018790364,0.0000000000,0.0000000000
13,readonly_8,1,8,256,4096,27,-0.3869888444,-0.0525332460,0.0000000000,0.0000000000
13,readonly_8,1,8,256,4096,28,-0.3085123269,-0.5702772816,0.0000000000,0.0000000000
13,readonly_8,1,8,256,4096,29,0.4882999133,0.1679137392,0.0000000000,0.0000000000
13,readonly_8,1,8,256,4096,30,-0.0219757186,0.7747251940,0.0000000000,0.0000000000
13,readonly_8,1,8,256,4096,31,0.2932029408,0.7405741523,0.0000000000,0.0000000000
13,readonly_8,1,8,256,4096,32,-0.2065248665,0.1786550877,0.0000000000,0.0000000000
13,readonly_8,1,8,256,4096,33,0.8549065602,0.5775015570,0.0000000000,0.0000000000
13,readonly_8,1,8,256,4096,34,0.3405979562,0.7415047543,0.0000000000,0.0000000000
13,readonly_8,1,8,256,4096,35,0.8473793144,0.8165232535,0.0000000000,0.0000000000
13,readonly_8,1,8,256,4096,36,-0.0767831207,0.2713081813,0.0000000000,0.0000000000
13,readonly_8,1,8,256,4096,37,0.0729571592,-0.2684014098,0.0000000000,0.0000000000
13,readonly_8,1,8,256,4096,38,-0.0029272876,0.1330114562,0.0000000000,0.0000000000
13,readonly_8,1,8,256,4096,39,0.4692025982,-0.8344933596,0.0000000000,0.0000000000
13,readonly_8,1,8,256,4096,40,-0.4265741962,0.6557725837,0.0000000000,0.0000000000
13,readonly_8,1,8,256,4096,41,-0.2725808522,-0.6961109819,0.0000000000,0.0000000000
13,readonly_8,1,8,256,4096,42,-0.1582644285,-0.7210900349,0.0000000000,0.0000000000
13,readonly_8,1,8,256,4096,43,0.1727644417,0.1610458189,0.0000000000,0.0000000000
13,readonly_8,1,8,256,4096,44,-0.1292771345,-0.3630011704,0.0000000000,0.0000000000
13,readonly_8,1,8,256,4096,45,0.5102305159,0.5828944280,0.0000000000,0.0000000000
13,readonly_8,1,8,256,4096,46,-0.7953847916,-0.1472924516,0.0000000000,0.0000000000
13,readonly_8,1,8,256,4096,47,0.0820454632,-0.5732806561,0.0000000000,0.0000000000
13,readonly_8,1,8,256,4096,48,-0.4657459921,-0.2003524866,0.0000000000,0.0000000000
13,readonly_8,1,8,256,4096,49,0.4924132457,-0.4720213400,0.0000000000,0.0000000000
13,readonly_8,1,8,256,4096,50,0.5855798703,-0.4206259079,0.0000000000,0.0000000000
13,readonly_8,1,8,256,4096,51,-0.2876809146,-0.2140885993,0.0000000000,0.0000000000
13,readonly_8,1,8,256,4096,52,-0.6726309378,-0.5717129795,0.0000000000,0.0000000000
13,readonly_8,1,8,256,4096,53,0.4967971078,0.4683020435,0.0000000000,0.0000000000
13,readonly_8,1,8,256,4096,54,-0.5456924181,-0.4762714303,0.0000000000,0.0000000000
13,readonly_8,1,8,256,4096,55,0.8064834931,-0.2498199593,0.0000000000,0.0000000000
13,readonly_8,1,8,256,4096,56,-0.0220582107,-0.4140741745,0.0000000000,0.0000000000
13,readonly_8,1,8,256,4096,57,-0.6314217538,0.8143497452,0.0000000000,0.0000000000
13,readonly_8,1,8,256,4096,58,0.7894037299,0.8330526550,0.0000000000,0.0000000000
13,readonly_8,1,8,256,4096,59,0.1104915113,0.2327439977,0.0000000000,0.0000000000
13,readonly_8,1,8,256,4096,60,-0.3177839895,-0.2051172693,0.0000000000,0.0000000000
13,readonly_8,1,8,256,4096,61,-0.2861230867,-0.6547924497,0.0000000000,0.0000000000
13,readonly_8,1,8,256,4096,62,-0.7124419389,0.3890692446,0.0000000000,0.0000000000
13,readonly_8,1,8,256,4096,63,0.3822381084,-0.4844577242,0.0000000000,0.0000000000
13,readonly_8,1,8,256,4096,64,-0.1862071147,-0.5696988673,0.0000000000,0.0000000000
13,readonly_8,1,8,256,4096,65,0.4938936976,0.2090254730,0.0000000000,0.0000000000
13,readonly_8,1,8,256,4096,66,-0.8935707960,0.2353859486,0.0000000000,0.0000000000
13,readonly_8,1,8,256,4096,67,-0.3276616946,-0.4052522058,0.0000000000,0.0000000000
13,readonly_8,1,8,256,4096,68,-0.6356128236,0.7102157302,0.0000000000,0.0000000000
13,readonly_8,1,8,256,4096,69,0.8912971450,-0.8710073596,0.0000000000,0.0000000000
13,readonly_8,1,8,256,4096,70,-0.4655158303,0.4675121615,0.0000000000,0.0000000000
13,readonly_8,1,8,256,4096,71,0.1867290092,0.0060509212,0.0000000000,0.0000000000
13,readonly_8,1,8,256,4096,72,0.5591019930,0.0329054450,0.0000000000,0.0000000000
13,readonly_8,1,8,256,4096,73,-0.7966865111,0.1590934780,0.0000000000,0.0000000000
13,readonly_8,1,8,256,4096,74,-0.5133137683,-0.2951185264,0.0000000000,0.0000000000
13,readonly_8,1,8,256,4096,75,-0.6611229071,0.2263455743,0.0000000000,0.0000000000
13,readonly_8,1,8,256,4096,76,0.6569286104,0.2392351791,0.0000000000,0.0000000000
13,readonly_8,1,8,256,4096,77,-0.5360262109,0.8547627149,0.0000000000,0.0000000000
13,readonly_8,1,8,256,4096,78,-0.2542385100,-0.4068201745,0.0000000000,0.0000000000
13,readonly_8,1,8,256,4096,79,0.3659040369,-0.8766234231,0.0000000000,0.0000000000
13,readonly_8,1,8,256,4096,80,-0.4784640702,0.0019219081,0.0000000000,0.0000000000
13,readonly_8,1,8,256,4096,81,-0.3892275028,0.4788245254,0.0000000000,0.0000000000
13,readonly_8,1,8,256,4096,82,-0.6037168993,-0.1883753460,0.0000000000,0.0000000000
13,readonly_8,1,8,256,4096,83,0.6865604140,-0.1203288344,0.0000000000,0.0000000000
13,readonly_8,1,8,256,4096,84,-0.8238893743,0.8730929288,0.0000000000,0.0000000000
13,readonly_8,1,8,256,4096,85,0.2524990251,-0.4512526380,0.0000000000,0.0000000000
13,readonly_8,1,8,256,4096,86,0.1760309804,0.0189438405,0.0000000000,0.0000000000
13,readonly_8,1,8,256,4096,87,-0.6893452293,-0.2988725789,0.0000000000,0.0000000000
13,readonly_8,1,8,256,4096,88,-0.2247785840,-0.4009596973,0.0000000000,0.0000000000
13,readonly_8,1,8,256,4096,89,0.5750609073,0.1242895000,0.0000000000,0.0000000000
13,readonly_8,1,8,256,4096,90,-0.3683021443,0.4606285953,0.0000000000,0.0000000000
13,readonly_8,1,8,256,4096,91,0.8111457097,-0.5619174294,0.0000000000,0.0000000000
13,readonly_8,1,8,256,4096,92,0.0453414518,0.4186464938,0.0000000000,0.0000000000
13,readonly_8,1,8,256,4096,93,-0.1401008185,-0.5566422101,0.0000000000,0.0000000000
13,readonly_8,1,8,256,4096,94,-0.2616611556,-0.4123943978,0.0000000000,0.0000000000
13,readonly_8,1,8,256,4096,95,-0.7164125402,0.5251784918,0.0000000000,0.0000000000
13,readonly_8,1,8,256,4096,96,0.1568624832,0.8107887398,0.0000000000,0.0000000000
13,readonly_8,1,8,256,4096,97,-0.7291207493,0.8401661368,0.0000000000,0.0000000000
13,readonly_8,1,8,256,4096,98,0.6099189550,-0.1138001819,0.0000000000,0.0000000000
13,readonly_8,1,8,256,4096,99,0.0275697571,0.5026759050,0.0000000000,0.0000000000
13,readonly_8,1,8,256,4096,100,0.8472786721,-0.1434754884,0.0000000000,0.0000000000
13,readonly_8,1,8,256,4096,101,-0.3693071325,0.6748155388,0.0000000000,0.0000000000
13,readonly_8,1,8,256,4096,102,-0.7117198334,0.4883981940,0.0000000000,0.0000000000
13,readonly_8,1,8,256,4096,103,-0.8903701690,0.5866318701,0.0000000000,0.0000000000
13,readonly_8,1,8,256,4096,104,-0.3076759767,0.4319066105,0.0000000000,0.0000000000
13,readonly_8,1,8,256,4096,105,-0.1274653921,0.5086897432,0.0000000000,0.0000000000
13,readonly_8,1,8,256,4096,106,-0.5503345684,0.0289344251,0.0000000000,0.0000000000
13,readonly_8,1,8,256,4096,107,-0.2089197786,-0.1383378169,0.0000000000,0.0000000000
13,readonly_8,1,8,256,4096,108,-0.3557918649,0.3765916380,0.0000000000,0.0000000000
13,readonly_8,1,8,256,4096,109,-0.7424099071,-0.5878361842,0.0000000000,0.0000000000
13,readonly_8,1,8,256,4096,110,0.1294504836,0.4234117356,0.0000000000,0.0000000000
13,readonly_8,1,8,256,4096,111,0.8078553668,-0.7727775415,0.0000000000,0.0000000000
13,readonly_8,1,8,256,4096,112,-0.8603525935,-0.7365755065,0.0000000000,0.0000000000
13,readonly_8,1,8,256,4096,113,-0.3220125698,0.2813134836,0.0000000000,0.0000000000
13,readonly_8,1,8,256,4096,114,-0.4013285246,-0.3128986750,0.0000000000,0.0000000000
13,readonly_8,1,8,256,4096,115,-0.0601548277,0.4095670198,0.0000000000,0.0000000000
13,readonly_8,1,8,256,4096,116,0.1713175973,0.5262339659,0.0000000000,0.0000000000
13,readonly_8,1,8,256,4096,117,0.4875748630,-0.5760511654,0.0000000000,0.0000000000
13,readonly_8,1,8,256,4096,118,-0.2899242441,0.3213017859,0.0000000000,0.0000000000
13,readonly_8,1,8,256,4096,119,-0.4332114681,-0.6595588597,0.0000000000,0.0000000000
13,readonly_8,1,8,256,4096,120,0.7684775888,0.5755839537,0.0000000000,0.0000000000
13,readonly_8,1,8,256,4096,121,-0.7638102263,0.8142900015,0.0000000000,0.0000000000
13,readonly_8,1,8,256,4096,122,0.6762321683,-0.3473482220,0.0000000000,0.0000000000
13,readonly_8,1,8,256,4096,123,-0.2939463672,-0.5509416078,0.0000000000,0.0000000000
13,readonly_8,1,8,256,4096,124,0.8652485594,0.8510863849,0.0000000000,0.0000000000
13,readonly_8,1,8,256,4096,125,0.2145235453,-0.7192073685,0.0000000000,0.0000000000
13,readonly_8,1,8,256,4096,126,0.1740146720,-0.3364364109,0.0000000000,0.0000000000
13,readonly_8,1,8,256,4096,127,0.3081081387,0.1420737625,0.0000000000,0.0000000000
14,readonly_10_addr,1,10,2048,9216,0,-0.8546068717,0.3756100820,0.0000000000,0.0000000000
14,readonly_10_addr,1,10,2048,9216,1,-0.2943688894,0.4831910043,0.0000000000,0.0000000000
14,readonly_10_addr,1,10,2048,9216,2,0.8335970947,-0.6160925197,0.0000000000,0.0000000000
14,readonly_10_addr,1,10,2048,9216,3,-0.0712585145,-0.5847402341,0.0000000000,0.0000000000
14,readonly_10_addr,1,10,2048,9216,4,0.0817987262,-0.5729249625,0.0000000000,0.0000000000
14,readonly_10_addr,1,10,2048,9216,5,-0.2822632684,-0.8647208099,0.0000000000,0.0000000000
14,readonly_10_addr,1,10,2048,9216,6,0.2658859446,-0.1087748613,0.0000000000,0.0000000000
14,readonly_10_addr,1,10,2048,9216,7,0.7953538066,-0.1646399158,0.0000000000,0.0000000000
14,readonly_10_addr,1,10,2048,9216,8,0.1660942494,0.0900429771,0.0000000000,0.0000000000
14,readonly_10_addr,1,10,2048,9216,9,0.6323041970,-0.5022393904,0.0000000000,0.0000000000
14,readonly_10_addr,1,10,2048,9216,10,0.7646055150,0.1019301676,0.0000000000,0.0000000000
14,readonly_10_addr,1,10,2048,9216,11,-0.1859887656,-0.2014100288,0.0000000000,0.0000000000
14,readonly_10_addr,1,10,2048,9216,12,-0.4415354495,0.1879690562,0.0000000000,0.0000000000
14,readonly_10_addr,1,10,2048,9216,13,0.4777710876,-0.1308390675,0.0000000000,0.0000000000
14,readonly_10_addr,1,10,2048,9216,14,0.2701619697,0.1750404536,0.0000000000,0.0000000000
14,readonly_10_addr,1,10,2048,9216,15,-0.3746323837,-0.3373387497,0.0000000000,0.0000000000
14,readonly_10_addr,1,10,2048,9216,16,0.1795211599,0.4561861865,0.0000000000,0.0000000000
14,readonly_10_addr,1,10,2048,9216,17,0.8111525667,0.0550617303,0.0000000000,0.0000000000
14,readonly_10_addr,1,10,2048,9216,18,0.7850615585,-0.7703463028,0.0000000000,0.0000000000
14,readonly_10_addr,1,10,2048,9216,19,-0.2224091431,-0.5391891159,0.0000000000,0.0000000000
14,readonly_10_addr,1,10,2048,9216,20,-0.5648854855,-0.3875728199,0.0000000000,0.0000000000
14,readonly_10_addr,1,10,2048,9216,21,0.0504719350,0.1131947550,0.0000000000,0.0000000000
14,readonly_10_addr,1,10,2048,9216,22,-0.5305016010,-0.3235005986,0.0000000000,0.0000000000
14,readonly_10_addr,1,10,2048,9216,23,0.5471425670,-0.8860415805,0.0000000000,0.0000000000
14,readonly_10_addr,1,10,2048,9216,24,0.5165812133,0.1791160473,0.0000000000,0.0000000000
14,readonly_10_addr,1,10,2048,9216,25,-0.2056959617,-0.0514922789,0.0000000000,0.0000000000
14,readonly_10_addr,1,10,2048,9216,26,0.5990454853,0.2810642764,0.0000000000,0.0000000000
14,readonly_10_addr,1,10,2048,9216,27,0.0190855639,-0.1921781852,0.0000000000,0.0000000000
14,readonly_10_addr,1,10,2048,9216,28,-0.3805012428,-0.8050312594,0.0000000000,0.0000000000
14,readonly_10_addr,1,10,2048,9216,29,-0.7645721330,-0.0491128382,0.0000000000,0.0000000000
14,readonly_10_addr,1,10,2048,9216,30,0.1227934952,0.5534249101,0.0000000000,0.0000000000
14,readonly_10_addr,1,10,2048,9216,31,-0.8070280575,0.3437460643,0.0000000000,0.0000000000
14,readonly_10_addr,1,10,2048,9216,32,0.0417501293,0.6405038681,0.0000000000,0.0000000000
14,readonly_10_addr,1,10,2048,9216,33,-0.5706994921,0.3101242971,0.0000000000,0.0000000000
14,readonly_10_addr,1,10,2048,9216,34,0.3425062971,-0.8427531038,0.0000000000,0.0000000000
14,readonly_10_addr,1,10,2048,9216,35,-0.1320246844,-0.4136792573,0.0000000000,0.0000000000
14,readonly_10_addr,1,10,2048,9216,36,0.7180400212,-0.5468484276,0.0000000000,0.0000000000
14,readonly_10_addr,1,10,2048,9216,37,0.2985982691,-0.5053075616,0.0000000000,0.0000000000
14,readonly_10_addr,1,10,2048,9216,38,0.2510707051,0.1392970583,0.0000000000,0.0000000000
14,readonly_10_addr,1,10,2048,9216,39,-0.7789055916,-0.0741470863,0.0000000000,0.0000000000
14,readonly_10_addr,1,10,2048,9216,40,-0.5263582859,0.2297601200,0.0000000000,0.0000000000
14,readonly_10_addr,1,10,2048,9216,41,-0.5202075662,-0.4000825894,0.0000000000,0.0000000000
14,readonly_10_addr,1,10,2048,9216,42,0.6847328079,-0.4079696249,0.0000000000,0.0000000000
14,readonly_10_addr,1,10,2048,9216,43,-0.4300068787,-0.0401692557,0.0000000000,0.0000000000
14,readonly_10_addr,1,10,2048,9216,44,0.2755716890,0.1271918533,0.0000000000,0.0000000000
14,readonly_10_addr,1,10,2048,9216,45,0.6266623726,-0.5598959087,0.0000000000,0.0000000000
14,readonly_10_addr,1,10,2048,9216,46,-0.6751332695,-0.7599588190,0.0000000000,0.0000000000
14,readonly_10_addr,1,10,2048,9216,47,-0.4980130723,0.0566858995,0.0000000000,0.0000000000
14,readonly_10_addr,1,10,2048,9216,48,0.4465795610,-0.5163037293,0.0000000000,0.0000000000
14,readonly_10_addr,1,10,2048,9216,49,0.2477602671,0.2915383630,0.0000000000,0.0000000000
14,readonly_10_addr,1,10,2048,9216,50,-0.8803706532,-0.3377108035,0.0000000000,0.0000000000
14,readonly_10_addr,1,10,2048,9216,51,-0.8502358945,0.4255957864,0.0000000000,0.0000000000
14,readonly_10_addr,1,10,2048,9216,52,0.7202843873,-0.0001991292,0.0000000000,0.0000000000
14,readonly_10_addr,1,10,2048,9216,53,-0.4188527546,-0.2170540162,0.0000000000,0.0000000000
14,readonly_10_addr,1,10,2048,9216,54,0.6073383504,0.8355454312,0.0000000000,0.0000000000
14,readonly_10_addr,1,10,2048,9216,55,0.0570854104,0.8009503846,0.0000000000,0.0000000000
14,readonly_10_addr,1,10,2048,9216,56,-0.4444407288,0.5238540987,0.0000000000,0.0000000000
14,readonly_10_addr,1,10,2048,9216,57,-0.2398051872,0.3483081643,0.0000000000,0.0000000000
14,readonly_10_addr,1,10,2048,9216,58,0.8714053237,-0.6861482489,0.0000000000,0.0000000000
14,readonly_10_addr,1,10,2048,9216,59,0.5036887223,-0.0341379887,0.0000000000,0.0000000000
14,readonly_10_addr,1,10,2048,9216,60,0.2189303477,0.3974441088,0.0000000000,0.0000000000
14,readonly_10_addr,1,10,2048,9216,61,-0.5664564629,0.4195125879,0.0000000000,0.0000000000
14,readonly_10_addr,1,10,2048,9216,62,0.7010837430,-0.8307503548,0.0000000000,0.0000000000
14,readonly_10_addr,1,10,2048,9216,63,-0.0529592561,0.1653057494,0.0000000000,0.0000000000
14,readonly_10_addr,1,10,2048,9216,64,-0.7316051519,-0.6413334063,0.0000000000,0.0000000000
14,readonly_10_addr,1,10,2048,9216,65,0.3011064329,0.6091554361,0.0000000000,0.0000000000
14,readonly_10_addr,1,10,2048,9216,66,-0.4174457499,-0.7027241794,0.0000000000,0.0000000000
14,readonly_10_addr,1,10,2048,9216,67,-0.7334346469,-0.2678719833,0.0000000000,0.0000000000
14,readonly_10_addr,1,10,2048,9216,68,0.8897111612,-0.0420169350,0.0000000000,0.0000000000
14,readonly_10_addr,1,10,2048,9216,69,0.2831687537,-0.5658439503,0.0000000000,0.0000000000
14,readonly_10_addr,1,10,2048,9216,70,-0.1045530075,0.6336946612,0.0000000000,0.0000000000
14,readonly_10_addr,1,10,2048,9216,71,-0.7912950875,-0.1902967169,0.0000000000,0.0000000000
14,readonly_10_addr,1,10,2048,9216,72,-0.7992404331,-0.0187692627,0.0000000000,0.0000000000
14,readonly_10_addr,1,10,2048,9216,73,-0.7548609370,0.0230821216,0.0000000000,0.0000000000
14,readonly_10_addr,1,10,2048,9216,74,0.7634561144,-0.0993317279,0.0000000000,0.0000000000
14,readonly_10_addr,1,10,2048,9216,75,-0.8625489731,0.1424427304,0.0000000000,0.0000000000
14,readonly_10_addr,1,10,2048,9216,76,-0.2496574685,0.8416195306,0.0000000000,0.0000000000
14,readonly_10_addr,1,10,2048,9216,77,-0.1695473047,-0.5300599676,0.0000000000,0.0000000000
14,readonly_10_addr,1,10,2048,9216,78,-0.8725948455,-0.6842184461,0.0000000000,0.0000000000
14,readonly_10_addr,1,10,2048,9216,79,0.8128923909,0.8284958444,0.0000000000,0.0000000000
14,readonly_10_addr,1,10,2048,9216,80,-0.4156058644,-0.5857135892,0.0000000000,0.0000000000
14,readonly_10_addr,1,10,2048,9216,81,0.1168880539,-0.5107369795,0.0000000000,0.0000000000
14,readonly_10_addr,1,10,2048,9216,82,0.1086017493,-0.8698901540,0.0000000000,0.0000000000
14,readonly_10_addr,1,10,2048,9216,83,0.5394712662,0.5820320224,0.0000000000,0.0000000000
14,readonly_10_addr,1,10,2048,9216,84,0.7858865556,-0.6031288876,0.0000000000,0.0000000000
14,readonly_10_addr,1,10,2048,9216,85,-0.2340815992,-0.6207500525,0.0000000000,0.0000000000
14,readonly_10_addr,1,10,2048,9216,86,0.2227903989,0.1988864326,0.0000000000,0.0000000000
14,readonly_10_addr,1,10,2048,9216,87,0.1073894579,0.5545414473,0.0000000000,0.0000000000
14,readonly_10_addr,1,10,2048,9216,88,0.5633032806,-0.6398286302,0.0000000000,0.0000000000
14,readonly_10_addr,1,10,2048,9216,89,0.0591119819,0.0540173266,0.0000000000,0.0000000000
14,readonly_10_addr,1,10,2048,9216,90,-0.0860742127,-0.0370253427,0.0000000000,0.0000000000
14,readonly_10_addr,1,10,2048,9216,91,-0.5425470211,-0.3254592171,0.0000000000,0.0000000000
14,readonly_10_addr,1,10,2048,9216,92,0.2654769970,0.4801669322,0.0000000000,0.0000000000
14,readonly_10_addr,1,10,2048,9216,93,0.8650661472,0.7092082753,0.0000000000,0.0000000000
14,readonly_10_addr,1,10,2048,9216,94,-0.6576633760,0.6154098138,0.0000000000,0.0000000000
14,readonly_10_addr,1,10,2048,9216,95,-0.1755032327,0.0201819898,0.0000000000,0.0000000000
14,readonly_10_addr,1,10,2048,9216,96,0.6923171588,0.4013905868,0.0000000000,0.0000000000
14,readonly_10_addr,1,10,2048,9216,97,0.3939125614,-0.4937691026,0.0000000000,0.0000000000
14,readonly_10_addr,1,10,2048,9216,98,0.2136381839,0.5090188640,0.0000000000,0.0000000000
14,readonly_10_addr,1,10,2048,9216,99,-0.7639500488,0.3342927654,0.0000000000,0.0000000000
14,readonly_10_addr,1,10,2048,9216,100,-0.0030825958,0.8573779233,0.0000000000,0.0000000000
14,readonly_10_addr,1,10,2048,9216,101,0.6814884967,-0.2950840620,0.0000000000,0.0000000000
14,readonly_10_addr,1,10,2048,9216,102,0.4268487809,0.0521394000,0.0000000000,0.0000000000
14,readonly_10_addr,1,10,2048,9216,103,-0.0620528816,0.7273018503,0.0000000000,0.0000000000
14,readonly_10_addr,1,10,2048,9216,104,0.1077737108,0.8899123592,0.0000000000,0.0000000000
14,readonly_10_addr,1,10,2048,9216,105,0.4661284247,-0.8734080638,0.0000000000,0.0000000000
14,readonly_10_addr,1,10,2048,9216,106,-0.5620449922,0.6610540403,0.0000000000,0.0000000000
14,readonly_10_addr,1,10,2048,9216,107,0.4282764929,-0.8068500635,0.0000000000,0.0000000000
14,readonly_10_addr,1,10,2048,9216,108,0.8727506273,0.5726292380,0.0000000000,0.0000000000
14,readonly_10_addr,1,10,2048,9216,109,-0.2611532184,-0.7799627089,0.0000000000,0.0000000000
14,readonly_10_addr,1,10,2048,9216,110,0.1751956609,-0.0567243345,0.0000000000,0.0000000000
14,readonly_10_addr,1,10,2048,9216,111,0.2544948925,-0.5112773744,0.0000000000,0.0000000000
14,readonly_10_addr,1,10,2048,9216,112,0.7671579922,0.5943247194,0.0000000000,0.0000000000
14,readonly_10_addr,1,10,2048,9216,113,-0.5070704467,0.4297777244,0.0000000000,0.0000000000
14,readonly_10_addr,1,10,2048,9216,114,0.8579518977,0.5455497184,0.0000000000,0.0000000000
14,readonly_10_addr,1,10,2048,9216,115,0.7535327889,0.1464291835,0.0000000000,0.0000000000
14,readonly_10_addr,1,10,2048,9216,116,-0.5735592761,0.0803645762,0.0000000000,0.0000000000
14,readonly_10_addr,1,10,2048,9216,117,-0.0454158663,0.0333528127,0.0000000000,0.0000000000
14,readonly_10_addr,1,10,2048,9216,118,-0.6753663671,-0.4155113154,0.0000000000,0.0000000000
14,readonly_10_addr,1,10,2048,9216,119,-0.2576712281,0.5224501789,0.0000000000,0.0000000000
14,readonly_10_addr,1,10,2048,9216,120,0.0131672558,-0.6749390624,0.0000000000,0.0000000000
14,readonly_10_addr,1,10,2048,9216,121,0.3027581524,-0.2472984043,0.0000000000,0.0000000000
14,readonly_10_addr,1,10,2048,9216,122,0.1136020034,-0.0360244087,0.0000000000,0.0000000000
14,readonly_10_addr,1,10,2048,9216,123,0.4314965407,-0.1067569382,0.0000000000,0.0000000000
14,readonly_10_addr,1,10,2048,9216,124,0.1687802747,0.3482227337,0.0000000000,0.0000000000
14,readonly_10_addr,1,10,2048,9216,125,-0.7209056535,-0.2377287722,0.0000000000,0.0000000000
14,readonly_10_addr,1,10,2048,9216,126,0.6383730550,0.1943893292,0.0000000000,0.0000000000
14,readonly_10_addr,1,10,2048,9216,127,-0.5254375440,0.7259792017,0.0000000000,0.0000000000
14,readonly_10_addr,1,10,2048,9216,128,0.1579315866,-0.7847260972,0.0000000000,0.0000000000
14,readonly_10_addr,1,10,2048,9216,129,-0.3398429251,0.5606641505,0.0000000000,0.0000000000
14,readonly_10_addr,1,10,2048,9216,130,-0.8291186494,0.0191676987,0.0000000000,0.0000000000
14,readonly_10_addr,1,10,2048,9216,131,0.2092966488,-0.0484455289,0.0000000000,0.0000000000
14,readonly_10_addr,1,10,2048,9216,132,-0.3111242188,0.0752345555,0.0000000000,0.0000000000
14,readonly_10_addr,1,10,2048,9216,133,0.2464085233,0.8837925289,0.0000000000,0.0000000000
14,readonly_10_addr,1,10,2048,9216,134,-0.7897832055,-0.2797138100,0.0000000000,0.0000000000
14,readonly_10_addr,1,10,2048,9216,135,-0.4527281073,0.7277714747,0.0000000000,0.0000000000
14,readonly_10_addr,1,10,2048,9216,136,-0.1427443819,0.1502307161,0.0000000000,0.0000000000
14,readonly_10_addr,1,10,2048,9216,137,-0.0899667835,0.4327959885,0.0000000000,0.0000000000
14,readonly_10_addr,1,10,2048,9216,138,-0.8253948557,0.2605182485,0.0000000000,0.0000000000
14,readonly_10_addr,1,10,2048,9216,139,-0.8784872307,0.2085146188,0.0000000000,0.0000000000
14,readonly_10_addr,1,10,2048,9216,140,0.4104407018,0.0869537444,0.0000000000,0.0000000000
14,readonly_10_addr,1,10,2048,9216,141,-0.0458378684,-0.5948545758,0.0000000000,0.0000000000
14,readonly_10_addr,1,10,2048,9216,142,0.1320452615,0.4270446437,0.0000000000,0.0000000000
14,readonly_10_addr,1,10,2048,9216,143,-0.7563488190,-0.3440954065,0.0000000000,0.0000000000
14,readonly_10_addr,1,10,2048,9216,144,0.2022881248,0.3528178837,0.0000000000,0.0000000000
14,readonly_10_addr,1,10,2048,9216,145,-0.5143556930,-0.4333658997,0.0000000000,0.0000000000
14,readonly_10_addr,1,10,2048,9216,146,-0.2010088355,0.0474848811,0.0000000000,0.0000000000
14,readonly_10_addr,1,10,2048,9216,147,-0.6045484254,0.5026116784,0.0000000000,0.0000000000
14,readonly_10_addr,1,10,2048,9216,148,-0.0721858325,-0.6175036116,0.0000000000,0.0000000000
14,readonly_10_addr,1,10,2048,9216,149,-0.8319794424,-0.4025546974,0.0000000000,0.0000000000
14,readonly_10_addr,1,10,2048,9216,150,0.8758959662,0.1221716923,0.0000000000,0.0000000000
14,readonly_10_addr,1,10,2048,9216,151,0.4553692331,0.3956455439,0.0000000000,0.0000000000
14,readonly_10_addr,1,10,2048,9216,152,0.1601177027,-0.6146562367,0.0000000000,0.0000000000
14,readonly_10_addr,1,10,2048,9216,153,-0.4433533236,-0.5863908697,0.0000000000,0.0000000000
14,readonly_10_addr,1,10,2048,9216,154,-0.6101449582,-0.0398843805,0.0000000000,0.0000000000
14,readonly_10_addr,1,10,2048,9216,155,-0.3657222617,-0.6781130189,0.0000000000,0.0000000000
14,readonly_10_addr,1,10,2048,9216,156,0.8616582459,-0.7107770064,0.0000000000,0.0000000000
14,readonly_10_addr,1,10,2048,9216,157,0.5213066592,0.3755683602,0.0000000000,0.0000000000
14,readonly_10_addr,1,10,2048,9216,158,-0.1053982067,0.5378142957,0.0000000000,0.0000000000
14,readonly_10_addr,1,10,2048,9216,159,-0.8924361948,-0.6634790595,0.0000000000,0.0000000000
15,writeonly_1,2,1,256,4096,0,0.0000000000,0.0000000000,0.0000000000,0.0000000000
15,writeonly_1,2,1,256,4096,1,0.0000000000,0.0000000000,0.0000610352,0.0000000000
15,writeonly_1,2,1,256,4096,2,0.0000000000,0.0000000000,0.0001220703,0.0000000000
15,writeonly_1,2,1,256,4096,3,0.0000000000,0.0000000000,0.0001831055,0.0000000000
15,writeonly_1,2,1,256,4096,4,0.0000000000,0.0000000000,0.0002441406,0.0000000000
15,writeonly_1,2,1,256,4096,5,0.0000000000,0.0000000000,0.0003051758,0.0000000000
15,writeonly_1,2,1,256,4096,6,0.0000000000,0.0000000000,0.0003662109,0.0000000000
15,writeonly_1,2,1,256,4096,7,0.0000000000,0.0000000000,0.0004272461,0.0000000000
15,writeonly_1,2,1,256,4096,8,0.0000000000,0.0000000000,0.0004882812,0.0000000000
15,writeonly_1,2,1,256,4096,9,0.0000000000,0.0000000000,0.0005493164,0.0000000000
15,writeonly_1,2,1,256,4096,10,0.0000000000,0.0000000000,0.0006103516,0.0000000000
15,writeonly_1,2,1,256,4096,11,0.0000000000,0.0000000000,0.0006713867,0.0000000000
15,writeonly_1,2,1,256,4096,12,0.0000000000,0.0000000000,0.0007324219,0.0000000000
15,writeonly_1,2,1,256,4096,13,0.0000000000,0.0000000000,0.0007934570,0.0000000000
15,writeonly_1,2,1,256,4096,14,0.0000000000,0.0000000000,0.0008544922,0.0000000000
15,writeonly_1,2,1,256,4096,15,0.0000000000,0.0000000000,0.0009155273,0.0000000000
16,writeonly_2,2,2,256,4096,0,0.0000000000,0.0000000000,0.0000000000,0.0000000000
16,writeonly_2,2,2,256,4096,1,0.0000000000,0.0000000000,0.0000610352,0.0000000000
16,writeonly_2,2,2,256,4096,2,0.0000000000,0.0000000000,0.0001220703,0.0000000000
16,writeonly_2,2,2,256,4096,3,0.0000000000,0.0000000000,0.0001831055,0.0000000000
16,writeonly_2,2,2,256,4096,4,0.0000000000,0.0000000000,0.0002441406,0.0000000000
16,writeonly_2,2,2,256,4096,5,0.0000000000,0.0000000000,0.0003051758,0.0000000000
16,writeonly_2,2,2,256,4096,6,0.0000000000,0.0000000000,0.0003662109,0.0000000000
16,writeonly_2,2,2,256,4096,7,0.0000000000,0.0000000000,0.0004272461,0.0000000000
16,writeonly_2,2,2,256,4096,8,0.0000000000,0.0000000000,0.0004882812,0.0000000000
16,writeonly_2,2,2,256,4096,9,0.0000000000,0.0000000000,0.0005493164,0.0000000000
16,writeonly_2,2,2,256,4096,10,0.0000000000,0.0000000000,0.0006103516,0.0000000000
16,writeonly_2,2,2,256,4096,11,0.0000000000,0.0000000000,0.0006713867,0.0000000000
16,writeonly_2,2,2,256,4096,12,0.0000000000,0.0000000000,0.0007324219,0.0000000000
16,writeonly_2,2,2,256,4096,13,0.0000000000,0.0000000000,0.0007934570,0.0000000000
16,writeonly_2,2,2,256,4096,14,0.0000000000,0.0000000000,0.0008544922,0.0000000000
16,writeonly_2,2,2,256,4096,15,0.0000000000,0.0000000000,0.0009155273,0.0000000000
16,writeonly_2,2,2,256,4096,16,0.0000000000,0.0000000000,0.0009765625,0.0000000000
16,writeonly_2,2,2,256,4096,17,0.0000000000,0.0000000000,0.0010375977,0.0000000000
16,writeonly_2,2,2,256,4096,18,0.0000000000,0.0000000000,0.0010986328,0.0000000000
16,writeonly_2,2,2,256,4096,19,0.0000000000,0.0000000000,0.0011596680,0.0000000000
16,writeonly_2,2,2,256,4096,20,0.0000000000,0.0000000000,0.0012207031,0.0000000000
16,writeonly_2,2,2,256,4096,21,0.0000000000,0.0000000000,0.0012817383,0.0000000000
16,writeonly_2,2,2,256,4096,22,0.0000000000,0.0000000000,0.0013427734,0.0000000000
16,writeonly_2,2,2,256,4096,23,0.0000000000,0.0000000000,0.0014038086,0.0000000000
16,writeonly_2,2,2,256,4096,24,0.0000000000,0.0000000000,0.0014648438,0.0000000000
16,writeonly_2,2,2,256,4096,25,0.0000000000,0.0000000000,0.0015258789,0.0000000000
16,writeonly_2,2,2,256,4096,26,0.0000000000,0.0000000000,0.0015869141,0.0000000000
16,writeonly_2,2,2,256,4096,27,0.0000000000,0.0000000000,0.0016479492,0.0000000000
16,writeonly_2,2,2,256,4096,28,0.0000000000,0.0000000000,0.0017089844,0.0000000000
16,writeonly_2,2,2,256,4096,29,0.0000000000,0.0000000000,0.0017700195,0.0000000000
16,writeonly_2,2,2,256,4096,30,0.0000000000,0.0000000000,0.0018310547,0.0000000000
16,writeonly_2,2,2,256,4096,31,0.0000000000,0.0000000000,0.0018920898,0.0000000000
17,writeonly_5,2,5,256,4096,0,0.0000000000,0.0000000000,0.0000000000,0.0000000000
17,writeonly_5,2,5,256,4096,1,0.0000000000,0.0000000000,0.0000610352,0.0000000000
17,writeonly_5,2,5,256,4096,2,0.0000000000,0.0000000000,0.0001220703,0.0000000000
17,writeonly_5,2,5,256,4096,3,0.0000000000,0.0000000000,0.0001831055,0.0000000000
17,writeonly_5,2,5,256,4096,4,0.0000000000,0.0000000000,0.0002441406,0.0000000000
17,writeonly_5,2,5,256,4096,5,0.0000000000,0.0000000000,0.0003051758,0.0000000000
17,writeonly_5,2,5,256,4096,6,0.0000000000,0.0000000000,0.0003662109,0.0000000000
17,writeonly_5,2,5,256,4096,7,0.0000000000,0.0000000000,0.0004272461,0.0000000000
17,writeonly_5,2,5,256,4096,8,0.0000000000,0.0000000000,0.0004882812,0.0000000000
17,writeonly_5,2,5,256,4096,9,0.0000000000,0.0000000000,0.0005493164,0.0000000000
17,writeonly_5,2,5,256,4096,10,0.0000000000,0.0000000000,0.0006103516,0.0000000000
17,writeonly_5,2,5,256,4096,11,0.0000000000,0.0000000000,0.0006713867,0.0000000000
17,writeonly_5,2,5,256,4096,12,0.0000000000,0.0000000000,0.0007324219,0.0000000000
17,writeonly_5,2,5,256,4096,13,0.0000000000,0.0000000000,0.0007934570,0.0000000000
17,writeonly_5,2,5,256,4096,14,0.0000000000,0.0000000000,0.0008544922,0.0000000000
17,writeonly_5,2,5,256,4096,15,0.0000000000,0.0000000000,0.0009155273,0.0000000000
17,writeonly_5,2,5,256,4096,16,0.0000000000,0.0000000000,0.0009765625,0.0000000000
17,writeonly_5,2,5,256,4096,17,0.0000000000,0.0000000000,0.0010375977,0.0000000000
17,writeonly_5,2,5,256,4096,18,0.0000000000,0.0000000000,0.0010986328,0.0000000000
17,writeonly_5,2,5,256,4096,19,0.0000000000,0.0000000000,0.0011596680,0.0000000000
17,writeonly_5,2,5,256,4096,20,0.0000000000,0.0000000000,0.0012207031,0.0000000000
17,writeonly_5,2,5,256,4096,21,0.0000000000,0.0000000000,0.0012817383,0.0000000000
17,writeonly_5,2,5,256,4096,22,0.0000000000,0.0000000000,0.0013427734,0.0000000000
17,writeonly_5,2,5,256,4096,23,0.0000000000,0.0000000000,0.0014038086,0.0000000000
17,writeonly_5,2,5,256,4096,24,0.0000000000,0.0000000000,0.0014648438,0.0000000000
17,writeonly_5,2,5,256,4096,25,0.0000000000,0.0000000000,0.0015258789,0.0000000000
17,writeonly_5,2,5,256,4096,26,0.0000000000,0.0000000000,0.0015869141,0.0000000000
17,writeonly_5,2,5,256,4096,27,0.0000000000,0.0000000000,0.0016479492,0.0000000000
17,writeonly_5,2,5,256,4096,28,0.0000000000,0.0000000000,0.0017089844,0.0000000000
17,writeonly_5,2,5,256,4096,29,0.0000000000,0.0000000000,0.0017700195,0.0000000000
17,writeonly_5,2,5,256,4096,30,0.0000000000,0.0000000000,0.0018310547,0.0000000000
17,writeonly_5,2,5,256,4096,31,0.0000000000,0.0000000000,0.0018920898,0.0000000000
17,writeonly_5,2,5,256,4096,32,0.0000000000,0.0000000000,0.0019531250,0.0000000000
17,writeonly_5,2,5,256,4096,33,0.0000000000,0.0000000000,0.0020141602,0.0000000000
17,writeonly_5,2,5,256,4096,34,0.0000000000,0.0000000000,0.0020751953,0.0000000000
17,writeonly_5,2,5,256,4096,35,0.0000000000,0.0000000000,0.0021362305,0.0000000000
17,writeonly_5,2,5,256,4096,36,0.0000000000,0.0000000000,0.0021972656,0.0000000000
17,writeonly_5,2,5,256,4096,37,0.0000000000,0.0000000000,0.0022583008,0.0000000000
17,writeonly_5,2,5,256,4096,38,0.0000000000,0.0000000000,0.0023193359,0.0000000000
17,writeonly_5,2,5,256,4096,39,0.0000000000,0.0000000000,0.0023803711,0.0000000000
17,writeonly_5,2,5,256,4096,40,0.0000000000,0.0000000000,0.0024414062,0.0000000000
17,writeonly_5,2,5,256,4096,41,0.0000000000,0.0000000000,0.0025024414,0.0000000000
17,writeonly_5,2,5,256,4096,42,0.0000000000,0.0000000000,0.0025634766,0.0000000000
17,writeonly_5,2,5,256,4096,43,0.0000000000,0.0000000000,0.0026245117,0.0000000000
17,writeonly_5,2,5,256,4096,44,0.0000000000,0.0000000000,0.0026855469,0.0000000000
17,writeonly_5,2,5,256,4096,45,0.0000000000,0.0000000000,0.0027465820,0.0000000000
17,writeonly_5,2,5,256,4096,46,0.0000000000,0.0000000000,0.0028076172,0.0000000000
17,writeonly_5,2,5,256,4096,47,0.0000000000,0.0000000000,0.0028686523,0.0000000000
17,writeonly_5,2,5,256,4096,48,0.0000000000,0.0000000000,0.0029296875,0.0000000000
17,writeonly_5,2,5,256,4096,49,0.0000000000,0.0000000000,0.0029907227,0.0000000000
17,writeonly_5,2,5,256,4096,50,0.0000000000,0.0000000000,0.0030517578,0.0000000000
17,writeonly_5,2,5,256,4096,51,0.0000000000,0.0000000000,0.0031127930,0.0000000000
17,writeonly_5,2,5,256,4096,52,0.0000000000,0.0000000000,0.0031738281,0.0000000000
17,writeonly_5,2,5,256,4096,53,0.0000000000,0.0000000000,0.0032348633,0.0000000000
17,writeonly_5,2,5,256,4096,54,0.0000000000,0.0000000000,0.0032958984,0.0000000000
17,writeonly_5,2,5,256,4096,55,0.0000000000,0.0000000000,0.0033569336,0.0000000000
17,writeonly_5,2,5,256,4096,56,0.0000000000,0.0000000000,0.0034179688,0.0000000000
17,writeonly_5,2,5,256,4096,57,0.0000000000,0.0000000000,0.0034790039,0.0000000000
17,writeonly_5,2,5,256,4096,58,0.0000000000,0.0000000000,0.0035400391,0.0000000000
17,writeonly_5,2,5,256,4096,59,0.0000000000,0.0000000000,0.0036010742,0.0000000000
17,writeonly_5,2,5,256,4096,60,0.0000000000,0.0000000000,0.0036621094,0.0000000000
17,writeonly_5,2,5,256,4096,61,0.0000000000,0.0000000000,0.0037231445,0.0000000000
17,writeonly_5,2,5,256,4096,62,0.0000000000,0.0000000000,0.0037841797,0.0000000000
17,writeonly_5,2,5,256,4096,63,0.0000000000,0.0000000000,0.0038452148,0.0000000000
17,writeonly_5,2,5,256,4096,64,0.0000000000,0.0000000000,0.0039062500,0.0000000000
17,writeonly_5,2,5,256,4096,65,0.0000000000,0.0000000000,0.0039672852,0.0000000000
17,writeonly_5,2,5,256,4096,66,0.0000000000,0.0000000000,0.0040283203,0.0000000000
17,writeonly_5,2,5,256,4096,67,0.0000000000,0.0000000000,0.0040893555,0.0000000000
17,writeonly_5,2,5,256,4096,68,0.0000000000,0.0000000000,0.0041503906,0.0000000000
17,writeonly_5,2,5,256,4096,69,0.0000000000,0.0000000000,0.0042114258,0.0000000000
17,writeonly_5,2,5,256,4096,70,0.0000000000,0.0000000000,0.0042724609,0.0000000000
17,writeonly_5,2,5,256,4096,71,0.0000000000,0.0000000000,0.0043334961,0.0000000000
17,writeonly_5,2,5,256,4096,72,0.0000000000,0.0000000000,0.0043945312,0.0000000000
17,writeonly_5,2,5,256,4096,73,0.0000000000,0.0000000000,0.0044555664,0.0000000000
17,writeonly_5,2,5,256,4096,74,0.0000000000,0.0000000000,0.0045166016,0.0000000000
17,writeonly_5,2,5,256,4096,75,0.0000000000,0.0000000000,0.0045776367,0.0000000000
17,writeonly_5,2,5,256,4096,76,0.0000000000,0.0000000000,0.0046386719,0.0000000000
17,writeonly_5,2,5,256,4096,77,0.0000000000,0.0000000000,0.0046997070,0.0000000000
17,writeonly_5,2,5,256,4096,78,0.0000000000,0.0000000000,0.0047607422,0.0000000000
17,writeonly_5,2,5,256,4096,79,0.0000000000,0.0000000000,0.0048217773,0.0000000000
18,writeonly_8,2,8,256,4096,0,0.0000000000,0.0000000000,0.0000000000,0.0000000000
18,writeonly_8,2,8,256,4096,1,0.0000000000,0.0000000000,0.0000610352,0.0000000000
18,writeonly_8,2,8,256,4096,2,0.0000000000,0.0000000000,0.0001220703,0.0000000000
18,writeonly_8,2,8,256,4096,3,0.0000000000,0.0000000000,0.0001831055,0.0000000000
18,writeonly_8,2,8,256,4096,4,0.0000000000,0.0000000000,0.0002441406,0.0000000000
18,writeonly_8,2,8,256,4096,5,0.0000000000,0.0000000000,0.0003051758,0.0000000000
18,writeonly_8,2,8,256,4096,6,0.0000000000,0.0000000000,0.0003662109,0.0000000000
18,writeonly_8,2,8,256,4096,7,0.0000000000,0.0000000000,0.0004272461,0.0000000000
18,writeonly_8,2,8,256,4096,8,0.0000000000,0.0000000000,0.0004882812,0.0000000000
18,writeonly_8,2,8,256,4096,9,0.0000000000,0.0000000000,0.0005493164,0.0000000000
18,writeonly_8,2,8,256,4096,10,0.0000000000,0.0000000000,0.0006103516,0.0000000000
18,writeonly_8,2,8,256,4096,11,0.0000000000,0.0000000000,0.0006713867,0.0000000000
18,writeonly_8,2,8,256,4096,12,0.0000000000,0.0000000000,0.0007324219,0.0000000000
18,writeonly_8,2,8,256,4096,13,0.0000000000,0.0000000000,0.0007934570,0.0000000000
18,writeonly_8,2,8,256,4096,14,0.0000000000,0.0000000000,0.0008544922,0.0000000000
18,writeonly_8,2,8,256,4096,15,0.0000000000,0.0000000000,0.0009155273,0.0000000000
18,writeonly_8,2,8,256,4096,16,0.0000000000,0.0000000000,0.0009765625,0.0000000000
18,writeonly_8,2,8,256,4096,17,0.0000000000,0.0000000000,0.0010375977,0.0000000000
18,writeonly_8,2,8,256,4096,18,0.0000000000,0.0000000000,0.0010986328,0.0000000000
18,writeonly_8,2,8,256,4096,19,0.0000000000,0.0000000000,0.0011596680,0.0000000000
18,writeonly_8,2,8,256,4096,20,0.0000000000,0.0000000000,0.0012207031,0.0000000000
18,writeonly_8,2,8,256,4096,21,0.0000000000,0.0000000000,0.0012817383,0.0000000000
18,writeonly_8,2,8,256,4096,22,0.0000000000,0.0000000000,0.0013427734,0.0000000000
18,writeonly_8,2,8,256,4096,23,0.0000000000,0.0000000000,0.0014038086,0.0000000000
18,writeonly_8,2,8,256,4096,24,0.0000000000,0.0000000000,0.0014648438,0.0000000000
18,writeonly_8,2,8,256,4096,25,0.0000000000,0.0000000000,0.0015258789,0.0000000000
18,writeonly_8,2,8,256,4096,26,0.0000000000,0.0000000000,0.0015869141,0.0000000000
18,writeonly_8,2,8,256,4096,27,0.0000000000,0.0000000000,0.0016479492,0.0000000000
18,writeonly_8,2,8,256,4096,28,0.0000000000,0.0000000000,0.0017089844,0.0000000000
18,writeonly_8,2,8,256,4096,29,0.0000000000,0.0000000000,0.0017700195,0.0000000000
18,writeonly_8,2,8,256,4096,30,0.0000000000,0.0000000000,0.0018310547,0.0000000000
18,writeonly_8,2,8,256,4096,31,0.0000000000,0.0000000000,0.0018920898,0.0000000000
18,writeonly_8,2,8,256,4096,32,0.0000000000,0.0000000000,0.0019531250,0.0000000000
18,writeonly_8,2,8,256,4096,33,0.0000000000,0.0000000000,0.0020141602,0.0000000000
18,writeonly_8,2,8,256,4096,34,0.0000000000,0.0000000000,0.0020751953,0.0000000000
18,writeonly_8,2,8,256,4096,35,0.0000000000,0.0000000000,0.0021362305,0.0000000000
18,writeonly_8,2,8,256,4096,36,0.0000000000,0.0000000000,0.0021972656,0.0000000000
18,writeonly_8,2,8,256,4096,37,0.0000000000,0.0000000000,0.0022583008,0.0000000000
18,writeonly_8,2,8,256,4096,38,0.0000000000,0.0000000000,0.0023193359,0.0000000000
18,writeonly_8,2,8,256,4096,39,0.0000000000,0.0000000000,0.0023803711,0.0000000000
18,writeonly_8,2,8,256,4096,40,0.0000000000,0.0000000000,0.0024414062,0.0000000000
18,writeonly_8,2,8,256,4096,41,0.0000000000,0.0000000000,0.0025024414,0.0000000000
18,writeonly_8,2,8,256,4096,42,0.0000000000,0.0000000000,0.0025634766,0.0000000000
18,writeonly_8,2,8,256,4096,43,0.0000000000,0.0000000000,0.0026245117,0.0000000000
18,writeonly_8,2,8,256,4096,44,0.0000000000,0.0000000000,0.0026855469,0.0000000000
18,writeonly_8,2,8,256,4096,45,0.0000000000,0.0000000000,0.0027465820,0.0000000000
18,writeonly_8,2,8,256,4096,46,0.0000000000,0.0000000000,0.0028076172,0.0000000000
18,writeonly_8,2,8,256,4096,47,0.0000000000,0.0000000000,0.0028686523,0.0000000000
18,writeonly_8,2,8,256,4096,48,0.0000000000,0.0000000000,0.0029296875,0.0000000000
18,writeonly_8,2,8,256,4096,49,0.0000000000,0.0000000000,0.0029907227,0.0000000000
18,writeonly_8,2,8,256,4096,50,0.0000000000,0.0000000000,0.0030517578,0.0000000000
18,writeonly_8,2,8,256,4096,51,0.0000000000,0.0000000000,0.0031127930,0.0000000000
18,writeonly_8,2,8,256,4096,52,0.0000000000,0.0000000000,0.0031738281,0.0000000000
18,writeonly_8,2,8,256,4096,53,0.0000000000,0.0000000000,0.0032348633,0.0000000000
18,writeonly_8,2,8,256,4096,54,0.0000000000,0.0000000000,0.0032958984,0.0000000000
18,writeonly_8,2,8,256,4096,55,0.0000000000,0.0000000000,0.0033569336,0.0000000000
18,writeonly_8,2,8,256,4096,56,0.0000000000,0.0000000000,0.0034179688,0.0000000000
18,writeonly_8,2,8,256,4096,57,0.0000000000,0.0000000000,0.0034790039,0.0000000000
18,writeonly_8,2,8,256,4096,58,0.0000000000,0.0000000000,0.0035400391,0.0000000000
18,writeonly_8,2,8,256,4096,59,0.0000000000,0.0000000000,0.0036010742,0.0000000000
18,writeonly_8,2,8,256,4096,60,0.0000000000,0.0000000000,0.0036621094,0.0000000000
18,writeonly_8,2,8,256,4096,61,0.0000000000,0.0000000000,0.0037231445,0.0000000000
18,writeonly_8,2,8,256,4096,62,0.0000000000,0.0000000000,0.0037841797,0.0000000000
18,writeonly_8,2,8,256,4096,63,0.0000000000,0.0000000000,0.0038452148,0.0000000000
18,writeonly_8,2,8,256,4096,64,0.0000000000,0.0000000000,0.0039062500,0.0000000000
18,writeonly_8,2,8,256,4096,65,0.0000000000,0.0000000000,0.0039672852,0.0000000000
18,writeonly_8,2,8,256,4096,66,0.0000000000,0.0000000000,0.0040283203,0.0000000000
18,writeonly_8,2,8,256,4096,67,0.0000000000,0.0000000000,0.0040893555,0.0000000000
18,writeonly_8,2,8,256,4096,68,0.0000000000,0.0000000000,0.0041503906,0.0000000000
18,writeonly_8,2,8,256,4096,69,0.0000000000,0.0000000000,0.0042114258,0.0000000000
18,writeonly_8,2,8,256,4096,70,0.0000000000,0.0000000000,0.0042724609,0.0000000000
18,writeonly_8,2,8,256,4096,71,0.0000000000,0.0000000000,0.0043334961,0.0000000000
18,writeonly_8,2,8,256,4096,72,0.0000000000,0.0000000000,0.0043945312,0.0000000000
18,writeonly_8,2,8,256,4096,73,0.0000000000,0.0000000000,0.0044555664,0.0000000000
18,writeonly_8,2,8,256,4096,74,0.0000000000,0.0000000000,0.0045166016,0.0000000000
18,writeonly_8,2,8,256,4096,75,0.0000000000,0.0000000000,0.0045776367,0.0000000000
18,writeonly_8,2,8,256,4096,76,0.0000000000,0.0000000000,0.0046386719,0.0000000000
18,writeonly_8,2,8,256,4096,77,0.0000000000,0.0000000000,0.0046997070,0.0000000000
18,writeonly_8,2,8,256,4096,78,0.0000000000,0.0000000000,0.0047607422,0.0000000000
18,writeonly_8,2,8,256,4096,79,0.0000000000,0.0000000000,0.0048217773,0.0000000000
18,writeonly_8,2,8,256,4096,80,0.0000000000,0.0000000000,0.0048828125,0.0000000000
18,writeonly_8,2,8,256,4096,81,0.0000000000,0.0000000000,0.0049438477,0.0000000000
18,writeonly_8,2,8,256,4096,82,0.0000000000,0.0000000000,0.0050048828,0.0000000000
18,writeonly_8,2,8,256,4096,83,0.0000000000,0.0000000000,0.0050659180,0.0000000000
18,writeonly_8,2,8,256,4096,84,0.0000000000,0.0000000000,0.0051269531,0.0000000000
18,writeonly_8,2,8,256,4096,85,0.0000000000,0.0000000000,0.0051879883,0.0000000000
18,writeonly_8,2,8,256,4096,86,0.0000000000,0.0000000000,0.0052490234,0.0000000000
18,writeonly_8,2,8,256,4096,87,0.0000000000,0.0000000000,0.0053100586,0.0000000000
18,writeonly_8,2,8,256,4096,88,0.0000000000,0.0000000000,0.0053710938,0.0000000000
18,writeonly_8,2,8,256,4096,89,0.0000000000,0.0000000000,0.0054321289,0.0000000000
18,writeonly_8,2,8,256,4096,90,0.0000000000,0.0000000000,0.0054931641,0.0000000000
18,writeonly_8,2,8,256,4096,91,0.0000000000,0.0000000000,0.0055541992,0.0000000000
18,writeonly_8,2,8,256,4096,92,0.0000000000,0.0000000000,0.0056152344,0.0000000000
18,writeonly_8,2,8,256,4096,93,0.0000000000,0.0000000000,0.0056762695,0.0000000000
18,writeonly_8,2,8,256,4096,94,0.0000000000,0.0000000000,0.0057373047,0.0000000000
18,writeonly_8,2,8,256,4096,95,0.0000000000,0.0000000000,0.0057983398,0.0000000000
18,writeonly_8,2,8,256,4096,96,0.0000000000,0.0000000000,0.0058593750,0.0000000000
18,writeonly_8,2,8,256,4096,97,0.0000000000,0.0000000000,0.0059204102,0.0000000000
18,writeonly_8,2,8,256,4096,98,0.0000000000,0.0000000000,0.0059814453,0.0000000000
18,writeonly_8,2,8,256,4096,99,0.0000000000,0.0000000000,0.0060424805,0.0000000000
18,writeonly_8,2,8,256,4096,100,0.0000000000,0.0000000000,0.0061035156,0.0000000000
18,writeonly_8,2,8,256,4096,101,0.0000000000,0.0000000000,0.0061645508,0.0000000000
18,writeonly_8,2,8,256,4096,102,0.0000000000,0.0000000000,0.0062255859,0.0000000000
18,writeonly_8,2,8,256,4096,103,0.0000000000,0.0000000000,0.0062866211,0.0000000000
18,writeonly_8,2,8,256,4096,104,0.0000000000,0.0000000000,0.0063476562,0.0000000000
18,writeonly_8,2,8,256,4096,105,0.0000000000,0.0000000000,0.0064086914,0.0000000000
18,writeonly_8,2,8,256,4096,106,0.0000000000,0.0000000000,0.0064697266,0.0000000000
18,writeonly_8,2,8,256,4096,107,0.0000000000,0.0000000000,0.0065307617,0.0000000000
18,writeonly_8,2,8,256,4096,108,0.0000000000,0.0000000000,0.0065917969,0.0000000000
18,writeonly_8,2,8,256,4096,109,0.0000000000,0.0000000000,0.0066528320,0.0000000000
18,writeonly_8,2,8,256,4096,110,0.0000000000,0.0000000000,0.0067138672,0.0000000000
18,writeonly_8,2,8,256,4096,111,0.0000000000,0.0000000000,0.0067749023,0.0000000000
18,writeonly_8,2,8,256,4096,112,0.0000000000,0.0000000000,0.0068359375,0.0000000000
18,writeonly_8,2,8,256,4096,113,0.0000000000,0.0000000000,0.0068969727,0.0000000000
18,writeonly_8,2,8,256,4096,114,0.0000000000,0.0000000000,0.0069580078,0.0000000000
18,writeonly_8,2,8,256,4096,115,0.0000000000,0.0000000000,0.0070190430,0.0000000000
18,writeonly_8,2,8,256,4096,116,0.0000000000,0.0000000000,0.0070800781,0.0000000000
18,writeonly_8,2,8,256,4096,117,0.0000000000,0.0000000000,0.0071411133,0.0000000000
18,writeonly_8,2,8,256,4096,118,0.0000000000,0.0000000000,0.0072021484,0.0000000000
18,writeonly_8,2,8,256,4096,119,0.0000000000,0.0000000000,0.0072631836,0.0000000000
18,writeonly_8,2,8,256,4096,120,0.0000000000,0.0000000000,0.0073242188,0.0000000000
18,writeonly_8,2,8,256,4096,121,0.0000000000,0.0000000000,0.0073852539,0.0000000000
18,writeonly_8,2,8,256,4096,122,0.0000000000,0.0000000000,0.0074462891,0.0000000000
18,writeonly_8,2,8,256,4096,123,0.0000000000,0.0000000000,0.0075073242,0.0000000000
18,writeonly_8,2,8,256,4096,124,0.0000000000,0.0000000000,0.0075683594,0.0000000000
18,writeonly_8,2,8,256,4096,125,0.0000000000,0.0000000000,0.0076293945,0.0000000000
18,writeonly_8,2,8,256,4096,126,0.0000000000,0.0000000000,0.0076904297,0.0000000000
18,writeonly_8,2,8,256,4096,127,0.0000000000,0.0000000000,0.0077514648,0.0000000000
19,writeonly_10,2,10,256,4096,0,0.0000000000,0.0000000000,0.0000000000,0.0000000000
19,writeonly_10,2,10,256,4096,1,0.0000000000,0.0000000000,0.0000610352,0.0000000000
19,writeonly_10,2,10,256,4096,2,0.0000000000,0.0000000000,0.0001220703,0.0000000000
19,writeonly_10,2,10,256,4096,3,0.0000000000,0.0000000000,0.0001831055,0.0000000000
19,writeonly_10,2,10,256,4096,4,0.0000000000,0.0000000000,0.0002441406,0.0000000000
19,writeonly_10,2,10,256,4096,5,0.0000000000,0.0000000000,0.0003051758,0.0000000000
19,writeonly_10,2,10,256,4096,6,0.0000000000,0.0000000000,0.0003662109,0.0000000000
19,writeonly_10,2,10,256,4096,7,0.0000000000,0.0000000000,0.0004272461,0.0000000000
19,writeonly_10,2,10,256,4096,8,0.0000000000,0.0000000000,0.0004882812,0.0000000000
19,writeonly_10,2,10,256,4096,9,0.0000000000,0.0000000000,0.0005493164,0.0000000000
19,writeonly_10,2,10,256,4096,10,0.0000000000,0.0000000000,0.0006103516,0.0000000000
19,writeonly_10,2,10,256,4096,11,0.0000000000,0.0000000000,0.0006713867,0.0000000000
19,writeonly_10,2,10,256,4096,12,0.0000000000,0.0000000000,0.0007324219,0.0000000000
19,writeonly_10,2,10,256,4096,13,0.0000000000,0.0000000000,0.0007934570,0.0000000000
19,writeonly_10,2,10,256,4096,14,0.0000000000,0.0000000000,0.0008544922,0.0000000000
19,writeonly_10,2,10,256,4096,15,0.0000000000,0.0000000000,0.0009155273,0.0000000000
19,writeonly_10,2,10,256,4096,16,0.0000000000,0.0000000000,0.0009765625,0.0000000000
19,writeonly_10,2,10,256,4096,17,0.0000000000,0.0000000000,0.0010375977,0.0000000000
19,writeonly_10,2,10,256,4096,18,0.0000000000,0.0000000000,0.0010986328,0.0000000000
19,writeonly_10,2,10,256,4096,19,0.0000000000,0.0000000000,0.0011596680,0.0000000000
19,writeonly_10,2,10,256,4096,20,0.0000000000,0.0000000000,0.0012207031,0.0000000000
19,writeonly_10,2,10,256,4096,21,0.0000000000,0.0000000000,0.0012817383,0.0000000000
19,writeonly_10,2,10,256,4096,22,0.0000000000,0.0000000000,0.0013427734,0.0000000000
19,writeonly_10,2,10,256,4096,23,0.0000000000,0.0000000000,0.0014038086,0.0000000000
19,writeonly_10,2,10,256,4096,24,0.0000000000,0.0000000000,0.0014648438,0.0000000000
19,writeonly_10,2,10,256,4096,25,0.0000000000,0.0000000000,0.0015258789,0.0000000000
19,writeonly_10,2,10,256,4096,26,0.0000000000,0.0000000000,0.0015869141,0.0000000000
19,writeonly_10,2,10,256,4096,27,0.0000000000,0.0000000000,0.0016479492,0.0000000000
19,writeonly_10,2,10,256,4096,28,0.0000000000,0.0000000000,0.0017089844,0.0000000000
19,writeonly_10,2,10,256,4096,29,0.0000000000,0.0000000000,0.0017700195,0.0000000000
19,writeonly_10,2,10,256,4096,30,0.0000000000,0.0000000000,0.0018310547,0.0000000000
19,writeonly_10,2,10,256,4096,31,0.0000000000,0.0000000000,0.0018920898,0.0000000000
19,writeonly_10,2,10,256,4096,32,0.0000000000,0.0000000000,0.0019531250,0.0000000000
19,writeonly_10,2,10,256,4096,33,0.0000000000,0.0000000000,0.0020141602,0.0000000000
19,writeonly_10,2,10,256,4096,34,0.0000000000,0.0000000000,0.0020751953,0.0000000000
19,writeonly_10,2,10,256,4096,35,0.0000000000,0.0000000000,0.0021362305,0.0000000000
19,writeonly_10,2,10,256,4096,36,0.0000000000,0.0000000000,0.0021972656,0.0000000000
19,writeonly_10,2,10,256,4096,37,0.0000000000,0.0000000000,0.0022583008,0.0000000000
19,writeonly_10,2,10,256,4096,38,0.0000000000,0.0000000000,0.0023193359,0.0000000000
19,writeonly_10,2,10,256,4096,39,0.0000000000,0.0000000000,0.0023803711,0.0000000000
19,writeonly_10,2,10,256,4096,40,0.0000000000,0.0000000000,0.0024414062,0.0000000000
19,writeonly_10,2,10,256,4096,41,0.0000000000,0.0000000000,0.0025024414,0.0000000000
19,writeonly_10,2,10,256,4096,42,0.0000000000,0.0000000000,0.0025634766,0.0000000000
19,writeonly_10,2,10,256,4096,43,0.0000000000,0.0000000000,0.0026245117,0.0000000000
19,writeonly_10,2,10,256,4096,44,0.0000000000,0.0000000000,0.0026855469,0.0000000000
19,writeonly_10,2,10,256,4096,45,0.0000000000,0.0000000000,0.0027465820,0.0000000000
19,writeonly_10,2,10,256,4096,46,0.0000000000,0.0000000000,0.0028076172,0.0000000000
19,writeonly_10,2,10,256,4096,47,0.0000000000,0.0000000000,0.0028686523,0.0000000000
19,writeonly_10,2,10,256,4096,48,0.0000000000,0.0000000000,0.0029296875,0.0000000000
19,writeonly_10,2,10,256,4096,49,0.0000000000,0.0000000000,0.0029907227,0.0000000000
19,writeonly_10,2,10,256,4096,50,0.0000000000,0.0000000000,0.0030517578,0.0000000000
19,writeonly_10,2,10,256,4096,51,0.0000000000,0.0000000000,0.0031127930,0.0000000000
19,writeonly_10,2,10,256,4096,52,0.0000000000,0.0000000000,0.0031738281,0.0000000000
19,writeonly_10,2,10,256,4096,53,0.0000000000,0.0000000000,0.0032348633,0.0000000000
19,writeonly_10,2,10,256,4096,54,0.0000000000,0.0000000000,0.0032958984,0.0000000000
19,writeonly_10,2,10,256,4096,55,0.0000000000,0.0000000000,0.0033569336,0.0000000000
19,writeonly_10,2,10,256,4096,56,0.0000000000,0.0000000000,0.0034179688,0.0000000000
19,writeonly_10,2,10,256,4096,57,0.0000000000,0.0000000000,0.0034790039,0.0000000000
19,writeonly_10,2,10,256,4096,58,0.0000000000,0.0000000000,0.0035400391,0.0000000000
19,writeonly_10,2,10,256,4096,59,0.0000000000,0.0000000000,0.0036010742,0.0000000000
19,writeonly_10,2,10,256,4096,60,0.0000000000,0.0000000000,0.0036621094,0.0000000000
19,writeonly_10,2,10,256,4096,61,0.0000000000,0.0000000000,0.0037231445,0.0000000000
19,writeonly_10,2,10,256,4096,62,0.0000000000,0.0000000000,0.0037841797,0.0000000000
19,writeonly_10,2,10,256,4096,63,0.0000000000,0.0000000000,0.0038452148,0.0000000000
19,writeonly_10,2,10,256,4096,64,0.0000000000,0.0000000000,0.0039062500,0.0000000000
19,writeonly_10,2,10,256,4096,65,0.0000000000,0.0000000000,0.0039672852,0.0000000000
19,writeonly_10,2,10,256,4096,66,0.0000000000,0.0000000000,0.0040283203,0.0000000000
19,writeonly_10,2,10,256,4096,67,0.0000000000,0.0000000000,0.0040893555,0.0000000000
19,writeonly_10,2,10,256,4096,68,0.0000000000,0.0000000000,0.0041503906,0.0000000000
19,writeonly_10,2,10,256,4096,69,0.0000000000,0.0000000000,0.0042114258,0.0000000000
19,writeonly_10,2,10,256,4096,70,0.0000000000,0.0000000000,0.0042724609,0.0000000000
19,writeonly_10,2,10,256,4096,71,0.0000000000,0.0000000000,0.0043334961,0.0000000000
19,writeonly_10,2,10,256,4096,72,0.0000000000,0.0000000000,0.0043945312,0.0000000000
19,writeonly_10,2,10,256,4096,73,0.0000000000,0.0000000000,0.0044555664,0.0000000000
19,writeonly_10,2,10,256,4096,74,0.0000000000,0.0000000000,0.0045166016,0.0000000000
19,writeonly_10,2,10,256,4096,75,0.0000000000,0.0000000000,0.0045776367,0.0000000000
19,writeonly_10,2,10,256,4096,76,0.0000000000,0.0000000000,0.0046386719,0.0000000000
19,writeonly_10,2,10,256,4096,77,0.0000000000,0.0000000000,0.0046997070,0.0000000000
19,writeonly_10,2,10,256,4096,78,0.0000000000,0.0000000000,0.0047607422,0.0000000000
19,writeonly_10,2,10,256,4096,79,0.0000000000,0.0000000000,0.0048217773,0.0000000000
19,writeonly_10,2,10,256,4096,80,0.0000000000,0.0000000000,0.0048828125,0.0000000000
19,writeonly_10,2,10,256,4096,81,0.0000000000,0.0000000000,0.0049438477,0.0000000000
19,writeonly_10,2,10,256,4096,82,0.0000000000,0.0000000000,0.0050048828,0.0000000000
19,writeonly_10,2,10,256,4096,83,0.0000000000,0.0000000000,0.0050659180,0.0000000000
19,writeonly_10,2,10,256,4096,84,0.0000000000,0.0000000000,0.0051269531,0.0000000000
19,writeonly_10,2,10,256,4096,85,0.0000000000,0.0000000000,0.0051879883,0.0000000000
19,writeonly_10,2,10,256,4096,86,0.0000000000,0.0000000000,0.0052490234,0.0000000000
19,writeonly_10,2,10,256,4096,87,0.0000000000,0.0000000000,0.0053100586,0.0000000000
19,writeonly_10,2,10,256,4096,88,0.0000000000,0.0000000000,0.0053710938,0.0000000000
19,writeonly_10,2,10,256,4096,89,0.0000000000,0.0000000000,0.0054321289,0.0000000000
19,writeonly_10,2,10,256,4096,90,0.0000000000,0.0000000000,0.0054931641,0.0000000000
19,writeonly_10,2,10,256,4096,91,0.0000000000,0.0000000000,0.0055541992,0.0000000000
19,writeonly_10,2,10,256,4096,92,0.0000000000,0.0000000000,0.0056152344,0.0000000000
19,writeonly_10,2,10,256,4096,93,0.0000000000,0.0000000000,0.0056762695,0.0000000000
19,writeonly_10,2,10,256,4096,94,0.0000000000,0.0000000000,0.0057373047,0.0000000000
19,writeonly_10,2,10,256,4096,95,0.0000000000,0.0000000000,0.0057983398,0.0000000000
19,writeonly_10,2,10,256,4096,96,0.0000000000,0.0000000000,0.0058593750,0.0000000000
19,writeonly_10,2,10,256,4096,97,0.0000000000,0.0000000000,0.0059204102,0.0000000000
19,writeonly_10,2,10,256,4096,98,0.0000000000,0.0000000000,0.0059814453,0.0000000000
19,writeonly_10,2,10,256,4096,99,0.0000000000,0.0000000000,0.0060424805,0.0000000000
19,writeonly_10,2,10,256,4096,100,0.0000000000,0.0000000000,0.0061035156,0.0000000000
19,writeonly_10,2,10,256,4096,101,0.0000000000,0.0000000000,0.0061645508,0.0000000000
19,writeonly_10,2,10,256,4096,102,0.0000000000,0.0000000000,0.0062255859,0.0000000000
19,writeonly_10,2,10,256,4096,103,0.0000000000,0.0000000000,0.0062866211,0.0000000000
19,writeonly_10,2,10,256,4096,104,0.0000000000,0.0000000000,0.0063476562,0.0000000000
19,writeonly_10,2,10,256,4096,105,0.0000000000,0.0000000000,0.0064086914,0.0000000000
19,writeonly_10,2,10,256,4096,106,0.0000000000,0.0000000000,0.0064697266,0.0000000000
19,writeonly_10,2,10,256,4096,107,0.0000000000,0.0000000000,0.0065307617,0.0000000000
19,writeonly_10,2,10,256,4096,108,0.0000000000,0.0000000000,0.0065917969,0.0000000000
19,writeonly_10,2,10,256,4096,109,0.0000000000,0.0000000000,0.0066528320,0.0000000000
19,writeonly_10,2,10,256,4096,110,0.0000000000,0.0000000000,0.0067138672,0.0000000000
19,writeonly_10,2,10,256,4096,111,0.0000000000,0.0000000000,0.0067749023,0.0000000000
19,writeonly_10,2,10,256,4096,112,0.0000000000,0.0000000000,0.0068359375,0.0000000000
19,writeonly_10,2,10,256,4096,113,0.0000000000,0.0000000000,0.0068969727,0.0000000000
19,writeonly_10,2,10,256,4096,114,0.0000000000,0.0000000000,0.0069580078,0.0000000000
19,writeonly_10,2,10,256,4096,115,0.0000000000,0.0000000000,0.0070190430,0.0000000000
19,writeonly_10,2,10,256,4096,116,0.0000000000,0.0000000000,0.0070800781,0.0000000000
19,writeonly_10,2,10,256,4096,117,0.0000000000,0.0000000000,0.0071411133,0.0000000000
19,writeonly_10,2,10,256,4096,118,0.0000000000,0.0000000000,0.0072021484,0.0000000000
19,writeonly_10,2,10,256,4096,119,0.0000000000,0.0000000000,0.0072631836,0.0000000000
19,writeonly_10,2,10,256,4096,120,0.0000000000,0.0000000000,0.0073242188,0.0000000000
19,writeonly_10,2,10,256,4096,121,0.0000000000,0.0000000000,0.0073852539,0.0000000000
19,writeonly_10,2,10,256,4096,122,0.0000000000,0.0000000000,0.0074462891,0.0000000000
19,writeonly_10,2,10,256,4096,123,0.0000000000,0.0000000000,0.0075073242,0.0000000000
19,writeonly_10,2,10,256,4096,124,0.0000000000,0.0000000000,0.0075683594,0.0000000000
19,writeonly_10,2,10,256,4096,125,0.0000000000,0.0000000000,0.0076293945,0.0000000000
19,writeonly_10,2,10,256,4096,126,0.0000000000,0.0000000000,0.0076904297,0.0000000000
19,writeonly_10,2,10,256,4096,127,0.0000000000,0.0000000000,0.0077514648,0.0000000000
19,writeonly_10,2,10,256,4096,128,0.0000000000,0.0000000000,0.0078125000,0.0000000000
19,writeonly_10,2,10,256,4096,129,0.0000000000,0.0000000000,0.0078735352,0.0000000000
19,writeonly_10,2,10,256,4096,130,0.0000000000,0.0000000000,0.0079345703,0.0000000000
19,writeonly_10,2,10,256,4096,131,0.0000000000,0.0000000000,0.0079956055,0.0000000000
19,writeonly_10,2,10,256,4096,132,0.0000000000,0.0000000000,0.0080566406,0.0000000000
19,writeonly_10,2,10,256,4096,133,0.0000000000,0.0000000000,0.0081176758,0.0000000000
19,writeonly_10,2,10,256,4096,134,0.0000000000,0.0000000000,0.0081787109,0.0000000000
19,writeonly_10,2,10,256,4096,135,0.0000000000,0.0000000000,0.0082397461,0.0000000000
19,writeonly_10,2,10,256,4096,136,0.0000000000,0.0000000000,0.0083007812,0.0000000000
19,writeonly_10,2,10,256,4096,137,0.0000000000,0.0000000000,0.0083618164,0.0000000000
19,writeonly_10,2,10,256,4096,138,0.0000000000,0.0000000000,0.0084228516,0.0000000000
19,writeonly_10,2,10,256,4096,139,0.0000000000,0.0000000000,0.0084838867,0.0000000000
19,writeonly_10,2,10,256,4096,140,0.0000000000,0.0000000000,0.0085449219,0.0000000000
19,writeonly_10,2,10,256,4096,141,0.0000000000,0.0000000000,0.0086059570,0.0000000000
19,writeonly_10,2,10,256,4096,142,0.0000000000,0.0000000000,0.0086669922,0.0000000000
19,writeonly_10,2,10,256,4096,143,0.0000000000,0.0000000000,0.0087280273,0.0000000000
19,writeonly_10,2,10,256,4096,144,0.0000000000,0.0000000000,0.0087890625,0.0000000000
19,writeonly_10,2,10,256,4096,145,0.0000000000,0.0000000000,0.0088500977,0.0000000000
19,writeonly_10,2,10,256,4096,146,0.0000000000,0.0000000000,0.0089111328,0.0000000000
19,writeonly_10,2,10,256,4096,147,0.0000000000,0.0000000000,0.0089721680,0.0000000000
19,writeonly_10,2,10,256,4096,148,0.0000000000,0.0000000000,0.0090332031,0.0000000000
19,writeonly_10,2,10,256,4096,149,0.0000000000,0.0000000000,0.0090942383,0.0000000000
19,writeonly_10,2,10,256,4096,150,0.0000000000,0.0000000000,0.0091552734,0.0000000000
19,writeonly_10,2,10,256,4096,151,0.0000000000,0.0000000000,0.0092163086,0.0000000000
19,writeonly_10,2,10,256,4096,152,0.0000000000,0.0000000000,0.0092773438,0.0000000000
19,writeonly_10,2,10,256,4096,153,0.0000000000,0.0000000000,0.0093383789,0.0000000000
19,writeonly_10,2,10,256,4096,154,0.0000000000,0.0000000000,0.0093994141,0.0000000000
19,writeonly_10,2,10,256,4096,155,0.0000000000,0.0000000000,0.0094604492,0.0000000000
19,writeonly_10,2,10,256,4096,156,0.0000000000,0.0000000000,0.0095214844,0.0000000000
19,writeonly_10,2,10,256,4096,157,0.0000000000,0.0000000000,0.0095825195,0.0000000000
19,writeonly_10,2,10,256,4096,158,0.0000000000,0.0000000000,0.0096435547,0.0000000000
19,writeonly_10,2,10,256,4096,159,0.0000000000,0.0000000000,0.0097045898,0.0000000000
